id,question,answer,updatedDate,subcategory,category,category_id,subcategory_id,lastEditor_id,lastEditor_name,lastEditor_username
01ac6c58-e185-4884-af99-6bad331b41bd,สามารถลงทะเบียนเกินหน่วยกิตที่หลักสูตรกำหนดได้หรือไม่,"1. นักศึกษาปกติ ชั้นปีที่ 1 ถึง ชั้นปีที่ 4 เทอม 1 เกรดเฉลี่ยสะสมเกณฑ์น้อยกว่า 2.5 ห้ามลงทะเบียนเกินหน่วยกิตที่หลักสูตรกำหนด 2.5 ถึง 3.00 ลงทะเบียนเกินหน่วยกิตที่หลักสูตรกำหนดได้ 1 วิชา (ไม่เกิน 3 หน่วยกิต)  3.00 ขึ้นไปลงทะเบียนเกินหน่วยกิตที่หลักสูตรกำหนดได้ ตามที่อาจารย์ที่ปรึกษาเห็นสมควร
2. นักศึกษาสหกิจ ชั้นปีที่ 3 เกรดเฉลี่ยสะสมเกณฑ์น้อยกว่า 2.5 ลงทะเบียนเกินหน่วยกิตที่หลักสูตรกำหนดได้ 1 วิชา (ไม่เกิน 3 หน่วยกิต) 2.5 ถึง 3.00 ลงทะเบียนเกินหน่วยกิตที่หลักสูตรกำหนดได้ 2 วิชา (ไม่เกิน 6 หน่วยกิต) 3.00 ขึ้นไป ลงทะเบียนเกินหน่วยกิตที่หลักสูตรกำหนดได้ ตามที่อาจารย์ที่ปรึกษาเห็นสมควร
3. นักศึกษาชั้นปีที่ 4 เทอม 2 เกณฑ์ ลงทะเบียนเกินหน่วยกิตที่หลักสูตรกำหนดได้ ตามที่อาจารย์ที่ปรึกษาเห็นสมควร",2021-05-12T19:43:13.000Z,หลักสูตร,ลงทะเบียนเรียน,92302aa2-bf0f-4ee6-9288-ada605f982d0,63138d4c-450c-4821-8ece-cf881af8484a,root-id,rootadmin,root
03528d65-e4f0-49e3-bdbd-3bdd1758d0bc,วิชาภาคบังคับที่มีวิชาต่อเนื่อง มีอะไรบ้าง หลักสูตรปกติ?,"วิชาภาคบังคับที่มีวิชาต่อเนื่อง แยกตามกลุ่มวิชาดังนี้

MTH 101 คณิตศาสตร์1 (Mathematics I)
MTH 102 คณิตศาสตร์ 2 Mathematics II
วิชาบังคับก่อน : MTH 101 Mathematics I
MTH 201 คณิตศาสตร์3Mathematics III
วิชาบังคับก่อน : MTH 102
STA 302 สถิติสำหรับวิศวกร Statistics for Engineers
วิชาบังคับก่อน : MTH 102
------------------------------------------------------------------
PHY 103 ฟิสิกส์ทั่วไปสำหรับนักศึกษาวิศวกรรมศาสตร์1 (General Physics for Engineering Student I)
PHY 104 ฟิ สิกส์ทั่วไปสำหรับนักศึกษาวิศวกรรมศาสตร์ 2 (General Physics for Engineering Students II)
วิชาบังคับก่อน : PHY 103
-------------------------------------------------------------------
CPE 100 การเขียนโปรแกรมคอมพิวเตอร์สำหรับวิศวกร 
CPE 111 การเขียนโปรแกรมด้วยโครงสร้างข้อมูล Programming with Data Structures
วิชาบังคับก่อน : CPE 100 (ไม่อนุญาตให้นักศึกษาที่ได้ระดับคะแนน F ในวิชา CPE 100 ลงทะเบียนวิชานี้)
CPE 212 การออกแบบขั้นตอนวิธี Algorithm Design
วิชาบังคับก่อน : CPE 111, CPE 121
--------------------------------------------------------------------
CPE 223 อิเล็กทรอนิกส์ดิจิทัลและการออกแบบวงจรเชิงตรรกะ
(Digital Electronics and Logic Design)
CPE 328 ระบบสมองกลฝังตัว Embedded Systems
วิชาบังคับก่อน : CPE 223
---------------------------------------------------------------------
LNG 101 ภาษาองักฤษทั่วไป 3 (General English)
LNG 102 ภาษาอังกฤษเชิงเทคนิค (Technical English)
วิชาบังคับก่อน : LNG 101 ภาษาอังกฤษทั่วไป (General English)
LNG 103 ภาษาอังกฤษเพื่อการสื่อสารในที่ทำงาน (English for Workplace Communication)
วิชาบังคับก่อน : LNG 102 ภาษาอังกฤษเชิงเทคนิค (Technical English)










",2021-05-12T19:42:58.000Z,หลักสูตรปกติ,หลักสูตร,057c3235-0d2b-4d9b-ac64-d736401c66d1,919dae89-bf87-4777-aef1-918fc0a4e862,root-id,rootadmin,root
03d502b3-967b-4e07-8177-bd461ed95dc5,ใบแจ้งชำระเงินค่าลงทะเบียน สั่งพิมพ์ได้จากที่ไหน,"Login เข้าระบบ https://sinfo.kmutt.ac.th/  เลือกเมนู ""ลงทะเบียนรายวิชา"" > เลือก ""ชำระเงินค่าลงทะเบียน/ค่าลาพัก (รักษาสถานภาพ) และอื่นๆ"" > กด ""ชำระเงิน"" > ระบบจะแสดงใบแจ้งหนี้ให้นักศึกษานำไปชำระ",2021-05-12T19:43:11.000Z,เอกสาร,ลงทะเบียนเรียน,92302aa2-bf0f-4ee6-9288-ada605f982d0,fa40cb26-386c-4330-a166-f26f41f7f0f7,root-id,rootadmin,root
09192e6e-2bc1-49a3-9ac0-dc01b5982885,ตอนดรอปต้องขอลายเซ็นใครบ้าง?,"หากนักศึกษาต้องการถอดถอนวิชาหลังจาก 2 สัปดาห์แรกหลังจา่กช่วงลงทะเบียนเรียน, นักศึกษาสามารถใช้แบบฟอร์ม สทน.26
ลายเซ็นต์ที่ต้องการ;
1. เจ้าหน้าที่ทะเบียน 
2. อาจารย์ที่ปรึกษา 
3. หัวหน้าภาควิชา 
สามารถ Download คำร้องได้ที่นี่ https://regis.kmutt.ac.th/web/form/ ",2021-05-12T19:43:08.000Z,เพิ่มลดรายวิชา,ลงทะเบียนเรียน,92302aa2-bf0f-4ee6-9288-ada605f982d0,a52f4ea3-2ec2-4373-9351-1cae1be707a7,root-id,rootadmin,root
09d2cce4-70dd-45fa-9e94-da3d71d3c383,ขอทรานสคริปต์ออนไลน์ได้ที่ไหน,"นักศึกษาสามารถทำตามรายละเอียดได้ตามนี้
1. ดาวน์โหลดแอปพลิเคชั่น ""New ACIS Mobile Application""
2. เลือกเมนู New ACIS Mobile
3. Login เข้าสู่ระบบ 
4. เลือก Download Transcript
5. เลือก Download
6. Get your Digital Transcript",2021-05-12T19:43:12.000Z,เอกสาร,ลงทะเบียนเรียน,92302aa2-bf0f-4ee6-9288-ada605f982d0,fa40cb26-386c-4330-a166-f26f41f7f0f7,root-id,rootadmin,root
09e0403b-3f1c-4fc3-9b2d-e9de1371d26a,ถ้าไม่ได้เป็นนักศึกษาชั้นปีที่ 3 สามารถฝึกงานได้หรือไม่？,สามารถฝึกงานได้ แต่จะไม่ถูกบันทึกเข้าระบบว่าผ่านการฝึกงานแล้ว เมื่อเป็นนักศึกษาปีที่ 3 ก็จำเป็นที่จะต้องฝึกงานใหม่อีกครั้งตามหลักสูตร,2021-05-12T19:43:07.000Z,ฝึกงาน,หลักสูตร,057c3235-0d2b-4d9b-ac64-d736401c66d1,b75ca45f-e54c-47ff-9103-605fdbd2b554,root-id,rootadmin,root
0b62da2b-da7d-4ca3-a50f-14153963c2bc,การส่งคะแนนสอบภาษาอังกฤษเพื่อสำเร็จการศึกษา ส่งอย่างไร?,"สามารถส่่งจดหมายโดยใส่ซองปิดผนึกและเขียนที่อยู่ตามนี้ ถึงคุณ นงค์เยาว์ จำปาหอม (NONGYAO JAMPAHOM)
ภาควิชา, คณะวิศวกรรมศาสตร์
ชั้น 10, อาคารวิศววัฒนะ,
มหาวิทยาลัยเทคโนโลยีพระจอมเกล้าธนบุรี
126 ถนนประชาอุทิศ แขวงบางมด เขตทุ่งครุ กรุงเทพฯ 10140
เบอร์ 02 470 9388
หรือสามารถเดินนำคคะแนนมาส่งได้ด้วยตัวเองที่ภาควิชาวิศวะคอมพิวเตอร์ ชั้น 10, อาคารวิศววัฒนะ",2021-05-12T19:43:17.000Z,คำถามทั่วไป,คำถามทั่วไป,cc094105-2198-4ab0-9718-8fe1bc195015,7affb034-c431-4f3b-b4b1-ec325d770837,root-id,rootadmin,root
0c9da548-5f68-4ef6-a2e2-70729c6c364c,วิชา CPE223/Digital มีวิชาตัวต่อมั้ยครับ?,ไม่มีค่ะ,2021-05-12T19:43:04.000Z,คำถามทั่วไป,หลักสูตร,057c3235-0d2b-4d9b-ac64-d736401c66d1,bcbe6b15-6753-4429-9b95-7ecaf7e8c329,root-id,rootadmin,root
0e209b65-8196-4d75-afc4-7a41ec4fc346,วิชา CPE332/Professional issuesมีวิชาตัวต่อมั้ยครับ?,ไม่มีค่ะ,2021-05-12T19:43:05.000Z,คำถามทั่วไป,หลักสูตร,057c3235-0d2b-4d9b-ac64-d736401c66d1,bcbe6b15-6753-4429-9b95-7ecaf7e8c329,root-id,rootadmin,root
0f638c0e-4a9c-4c88-afa5-86a65e7ad558,ยังต้องเข้าไปเรียนที่มหาลัยไหม?,ให้นัักศึกษาดูตามแนวทางการจัดการสอนของแต่ละรายวิชา แต่อาจมีการเปลี่ยนแปลงไปตามประกาศและคำสั่งของราชการ ที่เพจ KMUTT,2021-05-12T19:43:12.000Z,อื่นๆ,ลงทะเบียนเรียน,92302aa2-bf0f-4ee6-9288-ada605f982d0,c7da5b6a-0c13-4de9-b853-367716a591bd,root-id,rootadmin,root
145708bd-c50c-4d74-b6fb-f176e4be2e23,วิศวะคอม/ TCAS รอบ 4 ใช้คะแนนสอบอะไรบ้าง?,รับตรงร่วมกันรอบที่ 2 Admission2 เน้นการเรียนในชั้นเรียน ใช้เกณฑ์กลางในการคัดเลือก แบ่งเป็น 10 กลุ่ม GPAX 20% O-NET 30% GAT/PAT 50%,2021-05-12T19:42:50.000Z,Admission,การรับเข้านักศึกษา,5008a257-f9dd-41a1-8c7e-d40842def6ce,55a96609-df63-4676-905b-65541e58643c,root-id,rootadmin,root
14a7f9e2-d261-4c8f-affd-3b9a6a50a4e3,ติดต่อวิศวะคอม/ได้ทางช่องทางไหนได้บ้าง?,"ติดต่อได้ตามเวลาราชกาล ช่วงเวลา 9.00 -17.00 น.
เบอร์โทร (+66) 0 2470 9388 (หลักสูตรปกติ), 0 2470 9387 
(หลักสูตรนานาชาติ), และ 0 2470 9083 (สำหรับระดับป.โทและป.เอก)
อีเมล์ nongyao.jam@mail.kmutt.ac.th หรือผ่านทางเฟซบุค เพจที่มีชื่อว่า CPE@KMUTT",2021-05-12T19:43:14.000Z,คำถามทั่วไป,คำถามทั่วไป,cc094105-2198-4ab0-9718-8fe1bc195015,7affb034-c431-4f3b-b4b1-ec325d770837,root-id,rootadmin,root
16693825-cac1-43db-bb3f-59fe2d94d5a1,ลงทะเบียนเรียนเพิ่มรายวิชา ชำระเงินได้ที่ไหน?,สามารถชำระเงินได้โดย Scan QR Code แล้วชำระผ่าน Application ของธนาคาร หรือสั่งพิมพ์ใบแจ้งหนี้จาก https://sinfo.kmutt.ac.th/  และนำไปจ่ายที่เคาน์เตอร์ธนาคารกรุงเทพเท่านั้น,2021-05-12T19:43:10.000Z,ลงทะเบียนเรียน,ลงทะเบียนเรียน,92302aa2-bf0f-4ee6-9288-ada605f982d0,f1a00097-779e-42fc-87f4-dfd4b3a339f3,root-id,rootadmin,root
175d03aa-77ac-49d7-9761-8071b5e9eff7,"วิศวะคอม/หลักสูตรวิทยาศาสตรบัณฑิต สาขาวิชาวิทยาศาสตร์ข้อมูลสุขภาพ 
ปี 4 เทอม 1 ต้องลงเรียนกี่หน่วยกิต? เรียนวิชาอะไรบ้าง?","เรียนทั้งหมด 19 หน่วยกิต
CPE 212 การออกแบบขั้นตอนวิธี (Algorithm Design) 
CPE 223 อิเล็กทรอนิกส์ดิจิทัลและการออกแบบวงจรเชิงตรรกะ (Digital Electronics and Logic Design) 
GEN 101 พลศึกษา (Physical Education) 
GEN 231 มหัศจรรย์แห่งความคิด (Miracle of Thinking) 
LNG 103 ภาษาอังกฤษเพื่อการสื่อสารในที่ทำงาน (English for Workplace Communication) 
MTH 201 คณิตศาสตร์3 3(3-0-6) (Mathematics III) 
CHM 103 เคมีพื้นฐาน 3(3-0-6) (Fundamental Chemistry) 
หรือ MIC 101 ชีววิทยาทั่วไป 3(3-0-6) (General Biology) ",2021-05-12T19:42:57.000Z,หลักสูตรวิทยาศาสตรบัณฑิต,หลักสูตร,057c3235-0d2b-4d9b-ac64-d736401c66d1,89dfc789-bbf1-42af-9d2d-b61e2cfda321,root-id,rootadmin,root
18427560-a9b6-4f12-b787-c3557d3f9597,วิศวะคอมหลักสูตรวิทยาศาตร์ข้อมูลสุขภาพมีอัตราค่าเรียนเท่าไหร่,"รวมค่าใช้จ่ายตลอดหลักสูตร 4 ปี ประมาณ 448,000 บาท โดยมีค่าบำรุงการศึกษาเหมาจ่าย 56,000 บาท /ภาคการศึกษา หรือ 112,000 บาท /ปีการศึกษา",2021-05-12T19:43:03.000Z,หลักสูตรวิทยาศาสตรบัณฑิต,หลักสูตร,057c3235-0d2b-4d9b-ac64-d736401c66d1,89dfc789-bbf1-42af-9d2d-b61e2cfda321,root-id,rootadmin,root
18ca3bb9-adce-4811-b8ea-dce060aeeee1,วิชา CPE100/Programming มีวิชาตัวต่อมั้ยครับ?,CPE111 Data Stucture,2021-05-12T19:42:59.000Z,คำถามทั่วไป,หลักสูตร,057c3235-0d2b-4d9b-ac64-d736401c66d1,bcbe6b15-6753-4429-9b95-7ecaf7e8c329,root-id,rootadmin,root
1a4182f6-bcbf-44c8-8357-1e46b8f2bb3d,วิศวะคอม/ TCAS รอบ 3ใช้คะแนนสอบอะไรบ้าง?,"รับตรงร่วมกันรอบที่ 1 Admission1 เน้นคะแนนสอบ มหาวิทยาลัยกำหนดเกณฑ์การคัดเลือกเอง ใช้คะแนน O-NET, GAT/PAT, 9 วิชาสามัญ, วิชาเฉพาะ",2021-05-12T19:42:49.000Z,Admission,การรับเข้านักศึกษา,5008a257-f9dd-41a1-8c7e-d40842def6ce,55a96609-df63-4676-905b-65541e58643c,root-id,rootadmin,root
1d297454-f750-4102-9a00-377f43ae263c,ชำระเงินค่าลงทะเบียนแล้ว แต่ในระบบยังขึ้นว่าไม่ชำระเงิน,"กรณีที่นักศึกษาชำระเงินค่าลงทะเบียนใน วันศุกร์ วันเสาร์-วันอาทิตย์ ข้อมูลสถานะการชำระเงินจะถูก Update ผ่านระบบ ในวันจันทร์ เวลา 10.30 น., 
หากมีขอสงสัยในการชําระเงินติดต่อ สำนักงานคลัง 0-2470-8121, 8122 (ในวันเวลาราชการ)",2021-05-12T19:43:10.000Z,ลงทะเบียนเรียน,ลงทะเบียนเรียน,92302aa2-bf0f-4ee6-9288-ada605f982d0,f1a00097-779e-42fc-87f4-dfd4b3a339f3,root-id,rootadmin,root
1dcda690-8a88-4627-917f-dd5e2407dbf2,วิชา CPE343/Object orientedมีวิชาตัวต่อมั้ยครับ?,ไม่มีค่ะ,2021-05-12T19:43:06.000Z,คำถามทั่วไป,หลักสูตร,057c3235-0d2b-4d9b-ac64-d736401c66d1,bcbe6b15-6753-4429-9b95-7ecaf7e8c329,root-id,rootadmin,root
1eb937bb-237d-4513-9872-7874f3d21ae2,การสมัครกู้ยืมเรียน ทำอย่างไร?,"สามารถสมัครทุนกยศ.หรือกรอ. โดยผู้สมัครดูรายละเอียดการสมัครและคุณสมบัติของผู้สมัครได้ที่
https://regis.kmutt.ac.th/web/%E0%B8%97%E0%B8%B8%E0%B8%99%E0%B8%81%E0%B8%A2%E0%B8%A8-%E0%B8%97%E0%B8%B8%E0%B8%99-%E0%B8%81%E0%B8%A3%E0%B8%AD/
ช่องทางการติดต่อ Facebook: ทุนการศึกษา มจธ. เบอร์ติดต่อ 0-2470-8097-8, 0-2470-8107",2021-05-12T19:43:18.000Z,ทุน,คำถามทั่วไป,cc094105-2198-4ab0-9718-8fe1bc195015,6fa0817a-a721-43fa-bff0-8ddc3554759d,root-id,rootadmin,root
1ebedbab-ecb8-44aa-86dd-921d0dce8069,ถ้าจะดึงบางวิชาลงมาเรียนแทนตัวที่ติด f ได้ไหม ต้องทำอย่างไร,"นักศึกษาสามารถใช้เอกสาร สทน.19 เพื่อขอการเปลี่ยนกลุ่มวิชาเรียนได้ แล้วจึงส่งตอให้ภาควิชา 
ลายเซ็นต์ที่ต้องการ; 
1. อาจารย์ที่ปรึกษา 
2. เลขานุการภาควิชา 
3. หัวหน้าภาควิชา 
สามารถ Download คำร้องได้ที่นี่ https://regis.kmutt.ac.th/web/form/",2021-05-12T19:43:08.000Z,ลงทะเบียนเรียน,ลงทะเบียนเรียน,92302aa2-bf0f-4ee6-9288-ada605f982d0,f1a00097-779e-42fc-87f4-dfd4b3a339f3,root-id,rootadmin,root
1f166bdf-d5d3-42eb-9896-146dbb8a80ba,เวลาต้องการยื่นเอกสารต้องยื่นที่ไหน,"สามารถส่งจดหมายได้ตามที่อยู่ดังนี้ ภาควิชา, คณะวิศวกรรมศาสตร์
ชั้น 10-11, อาคารวิศววัฒนะ,
มหาวิทยาลัยเทคโนโลยีพระจอมเกล้าธนบุรี
126 ถนนประชาอุทิศ แขวงบางมด เขตทุ่งครุ กรุงเทพฯ 10140
หรือ สามารถมายื่นเอกสารด้วยตัวเองได้ที่อาคารวิศววัฒนะ  ชั้น 10 ณ มจธ.",2021-05-12T19:43:15.000Z,คำถามทั่วไป,คำถามทั่วไป,cc094105-2198-4ab0-9718-8fe1bc195015,7affb034-c431-4f3b-b4b1-ec325d770837,root-id,rootadmin,root
20402c35-965e-4417-865c-4863dde66cb0,ลืมจ่ายเงินค่าลงทะเบียน และ ใบแจ้งหนี้เกินกำหนดไปแล้ว ทำยังไง?,"ให้นักศึกษาส่งข้อมูล ชื่อ-สกุล รหัสนักศึกษา เหตุผลที่ไม่สามารถชำระเงินได้ตามกำหนดเวลา ไปที่ sfa@mail.kmutt.ac.th 
หรือติดต่อ มาที่ กลุ่มงานช่วยเหลือทางการเงินแก่นักศึกษา https://www.facebook.com/SFAKMUTT  
โทรศัพท์ 0-2470-8107, 8097 , 8098 , 8185 , 9988 (ในวันเวลาทำการ)",2021-05-12T19:43:10.000Z,ค่าเทอม,ลงทะเบียนเรียน,92302aa2-bf0f-4ee6-9288-ada605f982d0,21091c13-4ecd-4863-bcb1-cfaae438c96c,root-id,rootadmin,root
210584bb-06b0-4590-aad1-356705bcf767,วิชา CPE375/Interactive computingมีวิชาตัวต่อมั้ยครับ?,ไม่มีค่ะ,2021-05-12T19:43:06.000Z,คำถามทั่วไป,หลักสูตร,057c3235-0d2b-4d9b-ac64-d736401c66d1,bcbe6b15-6753-4429-9b95-7ecaf7e8c329,root-id,rootadmin,root
213d1c91-9d8b-45f3-8b18-c87e8d07b5e5,"วิศวะคอม/หลักสูตรวิทยาศาสตรบัณฑิต สาขาวิชาวิทยาศาสตร์ข้อมูลสุขภาพ 
ปี 3 เทอม 1 ต้องลงเรียนกี่หน่วยกิต? เรียนวิชาอะไรบ้าง?","เรียนทั้งหมด 19 หน่วยกิต
CPE 212 การออกแบบขั้นตอนวิธี  (Algorithm Design) 
CPE 223 อิเล็กทรอนิกส์ดิจิทัลและการออกแบบวงจรเชิงตรรกะ (Digital Electronics and Logic Design) 
GEN 101 พลศึกษา (Physical Education) 
GEN 231 มหัศจรรย์แห่งความคิด (Miracle of Thinking) 
LNG 103 ภาษาอังกฤษเพื่อการสื่อสารในที่ทำงาน (English for Workplace Communication) 
MTH 201 คณิตศาสตร์3 3(3-0-6) (Mathematics III) 
CHM 103 เคมีพื้นฐาน 3(3-0-6) (Fundamental Chemistry) 
หรือ MIC 101 ชีววิทยาทั่วไป 3(3-0-6) (General Biology) ",2021-05-12T19:42:56.000Z,หลักสูตรวิทยาศาสตรบัณฑิต,หลักสูตร,057c3235-0d2b-4d9b-ac64-d736401c66d1,89dfc789-bbf1-42af-9d2d-b61e2cfda321,root-id,rootadmin,root
2249c887-f00e-4cc1-b85a-1f40fb04ca12,"วิศวะคอม/หลักสูตรวิทยาศาสตรบัณฑิต สาขาวิชาวิทยาศาสตร์ข้อมูลสุขภาพ 
ปี 1 เทอม 1 ต้องลงเรียนกี่หน่วยกิต? เรียนวิชาอะไรบ้าง?","เรียนทั้งหมด 19 หน่วยกิต
CPE 212 การออกแบบขั้นตอนวิธี  (Algorithm Design) 
CPE 223 อิเล็กทรอนิกส์ดิจิทัลและการออกแบบวงจรเชิงตรรกะ (Digital Electronics and Logic Design) 
GEN 101 พลศึกษา (Physical Education) 
GEN 231 มหัศจรรย์แห่งความคิด (Miracle of Thinking) 
LNG 103 ภาษาอังกฤษเพื่อการสื่อสารในที่ทำงาน 
(English for Workplace Communication) 
MTH 201 คณิตศาสตร์3 3(3-0-6) (Mathematics III) 
CHM 103 เคมีพื้นฐาน 3(3-0-6) (Fundamental Chemistry) 
หรือ MIC 101 ชีววิทยาทั่วไป 3(3-0-6) (General Biology) ",2021-05-12T19:42:56.000Z,หลักสูตรวิทยาศาสตรบัณฑิต,หลักสูตร,057c3235-0d2b-4d9b-ac64-d736401c66d1,89dfc789-bbf1-42af-9d2d-b61e2cfda321,root-id,rootadmin,root
2277523b-ff75-4040-8ab8-64801ac2dad9,ขั้นตอนและช่วงเวลาเปิดรับสมัครนักศึกษา?,สามารถติดตามข่าวสารรายละเอียดการเปิดรับสมัคร เอกสารและขั้นตอนต่างๆเพิ่มเติมที่ได้ที่ CPE KMUTT Admission,2021-05-12T19:43:14.000Z,คำถามทั่วไป,คำถามทั่วไป,cc094105-2198-4ab0-9718-8fe1bc195015,7affb034-c431-4f3b-b4b1-ec325d770837,root-id,rootadmin,root
23920e67-8c1a-44a5-8950-2aacc64fe3a6,เกียรตินิยมอันดับ 2 อยู่ที่เท่าไหร่?,ตั้งแต่เกรด 3.25 ขึ้นไป,2021-05-12T19:43:14.000Z,คำถามทั่วไป,คำถามทั่วไป,cc094105-2198-4ab0-9718-8fe1bc195015,7affb034-c431-4f3b-b4b1-ec325d770837,root-id,rootadmin,root
256d7fc7-23bb-4356-8421-e6794063110e,วิศวะคอม/หลักสูตรปกติจบแล้วได้ปริญญาอะไร?,วศ.บ.(),2021-05-12T19:43:16.000Z,คำถามทั่วไป,คำถามทั่วไป,cc094105-2198-4ab0-9718-8fe1bc195015,7affb034-c431-4f3b-b4b1-ec325d770837,root-id,rootadmin,root
289a0700-7b56-4029-81fa-5a656cfb0452,วิศวกรรมคอมพิวเตอร์หลักสูตรวิทยาศาตร์ข้อมูลสุขภาพ ปีที่1-2 เรียนอะไรบ้าง?,เรียนวิชาพื้นฐานของคอมพิวเตอร์และวิทยาศาสตร์สุขภาพ,2021-05-12T19:43:01.000Z,หลักสูตรวิทยาศาสตรบัณฑิต,หลักสูตร,057c3235-0d2b-4d9b-ac64-d736401c66d1,89dfc789-bbf1-42af-9d2d-b61e2cfda321,root-id,rootadmin,root
29318fd3-5531-4b02-98ad-b15b1a055d7d,ถ้าต้องการฝึกงานต้องทำอย่างไรบ้าง?,นักศึกษาสามารถติดต่อบริษัทที่ตัวเองสนใจ และสามารถสมัครกับทางบริษัทเพื่อฝึกงานได้โดยตรงเลย แต่ถ้าเป็นนักสึกษาชั้นปีที่ 3 หลังจากได้รับจดมหายการตอบรับเข้าบริษัทแล้ว นักสึกษาสามารถนำจดหมายมาแจ้งที่ภาควิชาได้ด้วยตนเองหรือ ให้ทางบริษัทเป็นผู้ส่งจดมมายตอบรับหรืออีมเลล์ให้กับทางภาควิชา,2021-05-12T19:43:07.000Z,ฝึกงาน,หลักสูตร,057c3235-0d2b-4d9b-ac64-d736401c66d1,b75ca45f-e54c-47ff-9103-605fdbd2b554,root-id,rootadmin,root
2aebf770-d27f-4d77-8af2-96479721f04c,ถ้าต้องการลงทะเบียนเรียนน้อยกว่า 9 หน่วยกิตต้องทำอย่างไร?,"นักศึกษาสามารถเขียนเอกสาร สทน.18 คำร้องขอลงทะเบียนต่ำกว่า/เกินกว่าหน่วยกิตที่กำหนด พร้อมระบุเหตุผลและความจำเป็นที่เพิ่มหน่วยกิต  ส่งให้แก่ภาควิชาฯ
เอกสารที่ต้องการ
1. แนบสำเนาผลการเรียนทุกภาคการศึกษา
2. สำเนาเอกสารการลงทะเบียน
ลายเซ็นต์ที่ต้องการ;
1. อาจารย์ที่ปรึกษา
2. หัวหน้าภาควิชา
3. มติคณะกรรมการประจำคณะ
*หมายเหตุ เฉพาะนักศึกษาปีที่ 4 เท่านั้น, มีคำร้องออนไลน์ในระบบ New ACIS นักศึกษาโปรดยื่นคำร้องผ่านระบบ
สามารถ Download คำร้องได้ที่นี่ https://regis.kmutt.ac.th/web/form/    ",2021-05-12T19:43:09.000Z,ลงทะเบียนเรียน,ลงทะเบียนเรียน,92302aa2-bf0f-4ee6-9288-ada605f982d0,f1a00097-779e-42fc-87f4-dfd4b3a339f3,root-id,rootadmin,root
2e6ade70-4b9a-4ddf-ab1b-58329502ee0d,วิชา CPE224/Computer architectures มีวิชาตัวต่อมั้ยครับ?,ไม่มีค่ะ,2021-05-12T19:43:04.000Z,คำถามทั่วไป,หลักสูตร,057c3235-0d2b-4d9b-ac64-d736401c66d1,bcbe6b15-6753-4429-9b95-7ecaf7e8c329,root-id,rootadmin,root
328c41f9-7925-4f25-ab60-d9d97b694d2c,ถ้าการย้ายหลักสูตรต้องทำอย่างไร?,"1. ได้รับความเห็นชอบจากอาจารย์ที่ปรึกษา หัวหน้าภาควิชาในภาควิชาเดิมและได้เรียนตามแผนการศึกษาในสาขาวิชาเดิมมาแล้ว ไม่น้อยกว่าสองภาคการศึกษาปกติ ทั้งนี้ไม่นับภาคการศึกษาที่ลาพัก หรือถูกสั่งพักการศึกษา
2. นักศึกษาจะต้องมีคะแนนเฉลี่ยสะสมไม่ต่ำกว่า 2.00
3. นักศึกษาจะต้องยื่นร้องต่อภาควิชาที่จะย้ายเข้า ในระยะเวลาสัปดาห์ นับแต่วันประกาศผลการศึกษาภาคเรียนที่ 2
4. ต้องได้รับความเห็นชอบจากที่ประชุมภาควิชาที่จะขอย้ายเข้าก่อนและภาควิชาที่เห็นชอบการย้ายเข้าของนักศึกษาจะต้องดำเนินการเทียบโอนผลการเรียนของนักศึกษาที่ได้ศึกษามาแล้วมาเป็นรายวิชาและหน่วยกิตในหลักสูตรของภาควิชานั้นๆ เพื่อเสนอให้ที่ประชุมคณะกรรมการประจำคณะวิศวกรรมศาสตร์พิจารณาอนุมัติการย้ายภาควิชาและการโอนผลการเรียนตามระเบียบมหาวิทยาลัยเทคโนโลยีพระจอมเกล้าธนบุรีให้ทันต่อการลงทะเบียนในภาคการศึกษาปกติต่อไป",2021-05-12T19:43:09.000Z,หลักสูตร,ลงทะเบียนเรียน,92302aa2-bf0f-4ee6-9288-ada605f982d0,63138d4c-450c-4821-8ece-cf881af8484a,root-id,rootadmin,root
33b08cfe-9244-4562-9cc4-962394497dfe,วิศวะคอมจบไปทำงานอะไร?,"สามารถทำงานได้ทั้งสายงานซอฟต์แวร์, ฮาร์ดแวร์, ดาต้าและเน็ตเวิร์ค ซึ่งขึ้นอยู่แต่ละหลักสูตร",2021-05-30T18:18:16.000Z,คำถามทั่วไป,คำถามทั่วไป,cc094105-2198-4ab0-9718-8fe1bc195015,7affb034-c431-4f3b-b4b1-ec325d770837,root-id,rootadmin,root
3c546ffb-880f-4c4b-8ed1-cde94d01eee8,"วิชาภาคบังคับที่มีวิชาต่อเนื่อง  หลักสูตรวิทยาศาสตรบัณฑิต สาขาวิชาวิทยาศาสตร์ข้อมูลสุขภาพ 
มีอะไรบ้าง ?","วิชาภาคบังคับที่มีวิชาต่อเนื่อง แยกตามกลุ่มวิชาดังนี้
MTH 101 คณิตศาสตร์1 (Mathematics I)
MTH 102 คณิตศาสตร์ 2 Mathematics II
วิชาบังคับก่อน : MTH 101 Mathematics I
----------------------------------------------------------------------------
CPE 102 การเขียนโปรแกรมคอมพิวเตอร์พื้นฐาน (Computer Programming Basics)
CPE 111 การเขียนโปรแกรมด้วยโครงสร้างข้อมูล Programming with Data Structures
----------------------------------------------------------------------------
LNG 101 ภาษาอังกฤษทั่วไป  (General English)
LNG 102 ภาษาอังกฤษเชิงเทคนิค (Technical English)
วิชาบังคับก่อน : LNG 101 ภาษาอังกฤษทั่วไป (General English)
LNG 103 ภาษาอังกฤษเพื่อการสื่อสารในที่ทำงาน (English for Workplace Communication)
วิชาบังคับก่อน : LNG 102 ภาษาอังกฤษเชิงเทคนิค (Technical English)
",2021-05-12T19:42:58.000Z,หลักสูตรวิทยาศาสตรบัณฑิต,หลักสูตร,057c3235-0d2b-4d9b-ac64-d736401c66d1,89dfc789-bbf1-42af-9d2d-b61e2cfda321,root-id,rootadmin,root
3eeea8cc-0d40-4735-b438-344f956858a3,ถ้าต้องการทำ Work Integrate Leaning หรือ Wil ต้องทำอย่างไร?,"ต้องเป็นนักศึกษาหลักสูตรนานาชาติเท่านั้น โดยนักศึกษาชั้นปีที่ 4 ของหลักสูตรนานาชาติจะสามารถเลือกทำ Senior project หรือ Work integrate Learning 
ได้อย่างใดอย่างนึง โดยหากนักศึกษาต้องการทำ Work Integrate Learning นักศึกษาจะต้องเป็นผู้ที่ติดต่อบริษัทเพื่อขอฝึกงานตามระยะเวลาที่มหาวิทยาลัยกำหนดด้วยตัวเอง
",2021-05-12T19:43:07.000Z,WIL,หลักสูตร,057c3235-0d2b-4d9b-ac64-d736401c66d1,1490993f-22f3-4c54-96a3-8d0f43d96698,root-id,rootadmin,root
3fa5654e-2201-4c70-ae3a-3155ff843744,หลักสูตรนานาชาติจบมาแล้วทำงานในสายใดบ้าง?,"-วิศวกรคอมพิวเตอร์
-Business Intelligence Analyst
-Data Scienctist
-Data Engineer
-Software Developer",2021-05-12T19:43:15.000Z,คำถามทั่วไป,คำถามทั่วไป,cc094105-2198-4ab0-9718-8fe1bc195015,7affb034-c431-4f3b-b4b1-ec325d770837,root-id,rootadmin,root
41a9e394-047f-4bb6-8a69-0d544ff57dee,วิชาเลือกที่มีวิชาบังคับลงก่อน หลักสูตรวิทยาศาสตรบัณฑิต สาขาวิชาวิทยาศาสตร์ข้อมูลสุขภาพ ?,"CPE 356 การตลาดและโมเดลเชิงทำนาย Predictive Analytics in Marketing
วิชาบังคับก่อน : CPE 352
CPE 357 การวิเคราะห์ทรัพยากรบุคคล People Analytics
วิชาบังคับก่อน : CPE 352
CPE 371 ปัญญาประดิษฐ์ Artificial Intelligence
วิชาบังคับก่อน : CPE 212
CPE 463 การประมวลผลรูปภาพและการมองเห็นด้วยคอมพิวเตอร์ Image Processing and Computer Vision
วิชาบังคับก่อน : MTH 201

LNG 106การฟังและการพูดเชิงวิชาการ (Academic Listening and Speaking)
วิชาบังคับก่อน : LNG 105 ภาษาอังกฤษเชิงวิชาการสำหรับนักศึกษานานาชาติ
LNG 107การอ่านและการเขียนเชิงวิชาการ (Academic Reading and Writing)
วิชาบังคับก่อน : LNG 106 การฟังและการพูดเชิงวิชาการ
LNG 121 การเรียนภาษาและวัฒนธรรม (Learning Language and Culture)
วิชาบังคับก่อน : LNG 103 หรือ LNG 107
LNG 122 การเรียนภาษาอังกฤษด้วยตนเอง (English Through Independent Learning)
วิชาบังคับก่อน : LNG 103 หรือ LNG 107
LNG 231 สุนทรียะแห่งการอ่าน (Reading Appreciation)
วิชาบังคับก่อน : LNG 103 หรือ LNG 107
LNG 232 การแปลเบื้องต้น (Basic Translation)
วิชาบังคับก่อน : LNG 103 หรือ LNG 107
LNG 233 การอ่านอย่างมีวิจารณญาน (Critical Reading)
วิชาบังคับก่อน : LNG 103 หรือ LNG 107
LNG 234 การสื่อสารระหว่างวัฒนธรรม (Intercultural Communication)
วิชาบังคับก่อน : LNG 103 หรือ LNG 107
LNG 235 ภาษาอังกฤษเพื่องานชุมชน (English for Community Work)
วิชาบังคับก่อน : LNG 103 หรือ LNG 107
LNG 243 การอ่านและการเขียนเพื่อความส าเร็จในวิชาชีพ (Reading and Writing for Career Success)
วิชาบังคับก่อน : LNG 103 หรือ LNG 107
LNG 410 ภาษาอังกฤษธุรกิจ (Business English)
วิชาบังคับก่อน : LNG 103 หรือ LNG 107",2021-05-12T19:42:58.000Z,หลักสูตรวิทยาศาสตรบัณฑิต,หลักสูตร,057c3235-0d2b-4d9b-ac64-d736401c66d1,89dfc789-bbf1-42af-9d2d-b61e2cfda321,root-id,rootadmin,root
41fb9b6a-ec8b-4671-9607-28ace0247511,วิชา CPE329/Business intelligence มีวิชาตัวต่อมั้ยครับ?,ไม่มีค่ะ,2021-05-12T19:43:06.000Z,คำถามทั่วไป,หลักสูตร,057c3235-0d2b-4d9b-ac64-d736401c66d1,bcbe6b15-6753-4429-9b95-7ecaf7e8c329,root-id,rootadmin,root
43ed792b-cb95-4bfc-bc54-8edccd774bb7,ตรวจวันเวลาสอบได้ที่ไหน,"นักศึกษาสามารถตรวจสอบข้อมูลได้ที่
1. Login เข้าระบบ New ACIS https://sinfo.kmutt.ac.th/ 
2. เลือกเมนู ""ตารางสอน/ตารางสอบ""
3. เลือก ""สอบถามตารางสอบ""
4. ตรวจสอบ เลขที่นั่งสอบ ห้องสอบ  ",2021-05-12T19:43:12.000Z,ตารางสอบ,ลงทะเบียนเรียน,92302aa2-bf0f-4ee6-9288-ada605f982d0,4aac0a9b-159d-4fd0-b237-6c7c3ae1b76b,root-id,rootadmin,root
447183bd-8df9-46e6-a1d8-9c76ad03662d,ขอลดรายวิชาออนไลน์ หลังหมดเขต เพิ่ม-ลด 2 สัปดาห์แรกได้ที่ไหน?,"เข้าระบบ https://sinfo.kmutt.ac.th/ > เลือกเมนู ""ลงทะเบียนรายวิชา"" > เลือกเมนูที่ 3 ""ลดรายวิชา"" > เลือกรายวิชาแล้วกดยืนยันการลด > การลดรายวิชาจะสมบูรณ์เมื่อ อ.ที่ปรึกษา กดอนุมัติออนไลน์ผ่านระบบ",2021-05-12T19:43:11.000Z,เพิ่มลดรายวิชา,ลงทะเบียนเรียน,92302aa2-bf0f-4ee6-9288-ada605f982d0,a52f4ea3-2ec2-4373-9351-1cae1be707a7,root-id,rootadmin,root
47506cd7-4c43-4b0d-a709-8cf44c912e7f,วิชา CPE342/Java programmingมีวิชาตัวต่อมั้ยครับ?,ไม่มีค่ะ,2021-05-12T19:43:05.000Z,คำถามทั่วไป,หลักสูตร,057c3235-0d2b-4d9b-ac64-d736401c66d1,bcbe6b15-6753-4429-9b95-7ecaf7e8c329,root-id,rootadmin,root
4837f2dc-18ba-41ad-80e5-ad662afed2b5,กรณีเพิ่มและหลักสูตรปิดรายวิชา จะได้รับเงินคืนไหม หรือ ต้องจ่ายเงินเพิ่มเท่าไหร่,กรณีหลักสูตรแจ้งปิดรายวิชา นศ. จะได้รับเงินคืน 100% ของค่าหน่วยกิต เพื่อนำไปชำระในวิชาที่นศ.ลงเพิ่มโดยไม่ต้องจ่ายเงินเพิ่ม,2021-05-12T19:43:10.000Z,เพิ่มลดรายวิชา,ลงทะเบียนเรียน,92302aa2-bf0f-4ee6-9288-ada605f982d0,a52f4ea3-2ec2-4373-9351-1cae1be707a7,root-id,rootadmin,root
4a130ca8-f814-44fc-850b-62088aa33415,วิชา CPE111/Data Structure มีวิชาตัวต่อมั้ยครับ?,ไม่มี แต่จำเป็นต้องเรียนวิชา CPE100 Programing ก่อน,2021-05-12T19:42:59.000Z,คำถามทั่วไป,หลักสูตร,057c3235-0d2b-4d9b-ac64-d736401c66d1,bcbe6b15-6753-4429-9b95-7ecaf7e8c329,root-id,rootadmin,root
4cf451fd-c4a1-48d6-8594-65d9421e2fe4,วิชา CPE231/Database มีวิชาตัวต่อมั้ยครับ?,ไม่มีค่ะ,2021-05-12T19:43:05.000Z,คำถามทั่วไป,หลักสูตร,057c3235-0d2b-4d9b-ac64-d736401c66d1,bcbe6b15-6753-4429-9b95-7ecaf7e8c329,root-id,rootadmin,root
4d023550-0a6c-47f5-bce1-31a7ac3db0df,"วิศวะคอม/หลักสูตรปกติ ปี 1 เทอม 2
ต้องลงเรียนกี่หน่วยกิต? เรียนวิชาอะไรบ้าง?","เรียนทั้งหมด 18 หน่วยกิต
CPE 111 การเขียนโปรแกรมด้วยโครงสร้างข้อมูล (Programming with Data Structures)
CPE 122 พื้นฐานวงจรไฟฟ้าและอิเล็กทรอนิกส์ (Basic Circuits and Electronics)
GEN 121 ทักษะการเรียนรู้และการแก้ปัญหา (Learning and Problem Solving Skills)
LNG 102 ภาษาอังกฤษเชิงเทคนิค (Technical English)
MTH 102 คณิตศาสตร์ 2 (Mathematics II)
PHY 104 ฟิสิกส์ทั่วไปสำหรับนักศึกษาวิศวกรรมศาสตร์ 2 (General Physics for Engineering Student)",2021-05-12T19:42:54.000Z,หลักสูตรปกติ,หลักสูตร,057c3235-0d2b-4d9b-ac64-d736401c66d1,919dae89-bf87-4777-aef1-918fc0a4e862,root-id,rootadmin,root
4ffc483f-def0-4dca-8ec4-8c26ef9e9f04,วิชา CPE212/Algorithm มีวิชาตัวต่อมั้ยครับ?,ไม่มีค่ะ,2021-05-12T19:43:04.000Z,คำถามทั่วไป,หลักสูตร,057c3235-0d2b-4d9b-ac64-d736401c66d1,bcbe6b15-6753-4429-9b95-7ecaf7e8c329,root-id,rootadmin,root
5000a318-68e9-4d75-b1bd-61c531715ed2,"วิศวะคอม/หลักสูตรปกติ ปี 2 เทอม 1
ต้องลงเรียนกี่หน่วยกิต? เรียนวิชาอะไรบ้าง?","เรียนทั้งหมด 19 หน่วยกิต
CPE 212 การออกแบบขั้นตอนวิธี  (Algorithm Design) 
CPE 223 อิเล็กทรอนิกส์ดิจิทัลและการออกแบบวงจรเชิงตรรกะ (Digital Electronics and Logic Design) 
GEN 101 พลศึกษา (Physical Education) 
GEN 231 มหศัจรรย์แห่งความคิด (Miracle of Thinking) 
LNG 103 ภาษาอังกฤษเพื่อการสื่อสารในที่ทำงาน (English for Workplace Communication) 
MTH 201 คณิตศาสตร์3 3(3-0-6) (Mathematics III) 
CHM 103 เคมีพื้นฐาน 3(3-0-6) (Fundamental Chemistry) 
หรือ MIC 101 ชีววิทยาทั่วไป 3(3-0-6) (General Biology) ",2021-05-12T19:42:54.000Z,หลักสูตรปกติ,หลักสูตร,057c3235-0d2b-4d9b-ac64-d736401c66d1,919dae89-bf87-4777-aef1-918fc0a4e862,root-id,rootadmin,root
52ba0692-e6ac-4159-9fc7-0b8f34e13975,วิศวกรรมคอมพิวเตอร์หลักสูตรเรสิเดนทอล คอเลจ ปีที่ 3-4 เรียนอะไรบ้าง?,วิชาหลักสัญญานและระบบ Embeded System วิชาเลือกเสรีตามความสนใจ การฝึกงานและการทำ Senior Project,2021-05-12T19:43:01.000Z,หลักสูตรRC,หลักสูตร,057c3235-0d2b-4d9b-ac64-d736401c66d1,6e05d9b4-a1e1-4f32-8777-e474b07e6f3c,root-id,rootadmin,root
56c80035-a5ee-4c03-ae1b-6b17cf3fb92f,วิศวกรรมคอมพิวเตอร์หลักสูตรนานาชาติ ปีที่ 4 เรียนอะไรบ้าง?,สามารถทำ Senior Project หรือ สหกิจได้ (Work-integrated Learning),2021-05-12T19:43:01.000Z,หลักสูตรนานาชาติ,หลักสูตร,057c3235-0d2b-4d9b-ac64-d736401c66d1,4a51d8ad-29b1-4d04-9f9c-09f6b83ab84e,root-id,rootadmin,root
56f672b0-ca7d-4163-b1d2-e8e66a6edf01,ใครเป็นหัวหน้าภาควิชาวิศวะคอม/?,ผศ.สนั่น สระแก้ว,2021-05-12T19:43:13.000Z,คำถามทั่วไป,คำถามทั่วไป,cc094105-2198-4ab0-9718-8fe1bc195015,7affb034-c431-4f3b-b4b1-ec325d770837,root-id,rootadmin,root
58ab5a3a-11ef-4458-91a4-a2794b7189fa,แจ้งขอสำเร็จการศึกษาได้ที่ไหน,สามารถแจ้งจำนงจอสำเร็จการศึกษาได้ที่  https://pre-grad.kmutt.ac.th/ ,2021-05-12T19:43:11.000Z,เอกสาร,ลงทะเบียนเรียน,92302aa2-bf0f-4ee6-9288-ada605f982d0,fa40cb26-386c-4330-a166-f26f41f7f0f7,root-id,rootadmin,root
58cdafe4-4d26-48fa-844c-2ae7511b1ed9,วิศวะคอม/อยู่ที่ไหน?,"ภาควิชา, คณะวิศวกรรมศาสตร์
ชั้น 10-11, อาคารวิศววัฒนะ,
มหาวิทยาลัยเทคโนโลยีพระจอมเกล้าธนบุรี
126 ถนนประชาอุทิศ แขวงบางมด เขตทุ่งครุ กรุงเทพฯ 10140",2021-05-12T19:43:14.000Z,คำถามทั่วไป,คำถามทั่วไป,cc094105-2198-4ab0-9718-8fe1bc195015,7affb034-c431-4f3b-b4b1-ec325d770837,root-id,rootadmin,root
5a99dacc-b884-4bc0-98f2-fb18c44e828a,วิชาเลือกเสรีต้องลงวิชานอกภาคเท่านั้นหรือไม่?,"เรียนทั้งหมด 19 หน่วยกิต
CPE 212 การออกแบบขั้นตอนวิธี (Algorithm Design) 
CPE 223 อิเล็กทรอนิกส์ดิจิทัลและการออกแบบวงจรเชิงตรรกะ (Digital Electronics and Logic Design) 
GEN 101 พลศึกษา (Physical Education) 
GEN 231 มหัศจรรย์แห่งความคิด (Miracle of Thinking) 
LNG 103 ภาษาอังกฤษเพื่อการสื่อสารในที่ทำงาน (English for Workplace Communication) 
MTH 201 คณิตศาสตร์3 3(3-0-6) (Mathematics III) 
CHM 103 เคมีพื้นฐาน 3(3-0-6) (Fundamental Chemistry) 
หรือ MIC 101 ชีววิทยาทั่วไป 3(3-0-6) (General Biology) ",2021-05-12T19:42:57.000Z,คำถามทั่วไป,หลักสูตร,057c3235-0d2b-4d9b-ac64-d736401c66d1,bcbe6b15-6753-4429-9b95-7ecaf7e8c329,root-id,rootadmin,root
5b34c3ae-dc05-49f3-82d2-d5cae3cb1972,"วิศวะคอม/หลักสูตรนานาชาติ ปี 2 เทอม 1
ต้องลงเรียนกี่หน่วยกิต? เรียนวิชาอะไรบ้าง?","เรียนทั้งหมด 19 หน่วยกิต ได้แก่  
CPE 212 การออกแบบขั้นตอนวิธี (Algorithm Design)
CPE 223 อิเล็กทรอนิกส์ดิจิทัลและการออกแบบวงจรเชิงตรรกะ (Digital Electronics and Logic Design)
GEN 101 พลศึกษา (Physical Education)
GEN 231 มหัศจรรย์แห่งความคิด (Miracle of Thinking)
LNG 107 การอ่านและการเขียนเชิงวิชาการ (Academic Reading and Writing)
MTH 201 คณิตศาสตร์3 (Mathematics III)
CHM 103 *เคมีพื้นฐาน 3 (Fundamental Chemistry)
หรือ
MIC 101 *ชีววิทยาทั่วไป (General Biology)
หมายเหตุ นักศึกษาต้องเลือกลงหนึ่งวิชาระหว่างวิชา CHM 103 เคมีพื้นฐาน หรือ MIC 101
ชีววิทยาทั่วไป วิชาใดวิชาหนึ่ง",2021-05-12T19:42:53.000Z,หลักสูตรนานาชาติ,หลักสูตร,057c3235-0d2b-4d9b-ac64-d736401c66d1,4a51d8ad-29b1-4d04-9f9c-09f6b83ab84e,root-id,rootadmin,root
5dab0b1f-dc0f-4fcd-a0b1-2fe3883acef6,วิชา CPE325/Big data มีวิชาตัวต่อมั้ยครับ?,ไม่มีค่ะ,2021-05-12T19:43:05.000Z,คำถามทั่วไป,หลักสูตร,057c3235-0d2b-4d9b-ac64-d736401c66d1,bcbe6b15-6753-4429-9b95-7ecaf7e8c329,root-id,rootadmin,root
64426b78-dd78-4a43-b353-9efe78e9f9fc,ถ้าต้องการลงทะเบียนเรียนมากกว่า 19 หน่วยกิตต้องทำอย่างไร?,"นักศึกษาสามารถเขียนเอกสาร สทน.18 คำร้องขอลงทะเบียนต่ำกว่า/เกินกว่าหน่วยกิตที่กำหนด พร้อมระบุเหตุผลและความจำเป็นที่เพิ่มหน่วยกิต  ส่งให้แก่ภาควิชาฯ
เอกสารที่ต้องการ
1. แนบสำเนาผลการเรียนทุกภาคการศึกษา
2. สำเนาเอกสารการลงทะเบียน
ลายเซ็นต์ที่ต้องการ;
1. อาจารย์ที่ปรึกษา
2. หัวหน้าภาควิชา
3. มติคณะกรรมการประจำคณะ
*หมายเหตุ เฉพาะนักศึกษาปีที่ 4 เท่านั้น, มีคำร้องออนไลน์ในระบบ New ACIS นักศึกษาโปรดยื่นคำร้องผ่านระบบ
สามารถ Download คำร้องได้ที่นี่ https://regis.kmutt.ac.th/web/form/   ",2021-05-12T19:43:09.000Z,ลงทะเบียนเรียน,ลงทะเบียนเรียน,92302aa2-bf0f-4ee6-9288-ada605f982d0,f1a00097-779e-42fc-87f4-dfd4b3a339f3,root-id,rootadmin,root
64c7e25d-7384-49f6-ba77-219ffd9b3215,"วิศวะคอม/หลักสูตรวิทยาศาสตรบัณฑิต สาขาวิชาวิทยาศาสตร์ข้อมูลสุขภาพ 
ปี 4 เทอม 2 ต้องลงเรียนกี่หน่วยกิต? เรียนวิชาอะไรบ้าง?","เรียนทั้งหมด 19 หน่วยกิต
CPE 212 การออกแบบขั้นตอนวิธี  (Algorithm Design) 
CPE 223 อิเล็กทรอนิกส์ดิจิทัลและการออกแบบวงจรเชิงตรรกะ (Digital Electronics and Logic Design) 
GEN 101 พลศึกษา (Physical Education) 
GEN 231 มหัศจรรย์แห่งความคิด (Miracle of Thinking) 
LNG 103 ภาษาอังกฤษเพื่อการสื่อสารในที่ทำงาน (English for Workplace Communication) 
MTH 201 คณิตศาสตร์3 3(3-0-6) (Mathematics III) 
CHM 103 เคมีพื้นฐาน 3(3-0-6) (Fundamental Chemistry) 
หรือ MIC 101 ชีววิทยาทั่วไป 3(3-0-6) (General Biology) ",2021-05-12T19:42:57.000Z,หลักสูตรวิทยาศาสตรบัณฑิต,หลักสูตร,057c3235-0d2b-4d9b-ac64-d736401c66d1,89dfc789-bbf1-42af-9d2d-b61e2cfda321,root-id,rootadmin,root
65a54377-c97e-4325-84fe-364fffd20fec,"วิศวะคอม/หลักสูตรวิทยาศาสตรบัณฑิต สาขาวิชาวิทยาศาสตร์ข้อมูลสุขภาพ 
ปี 2 เทอม 2 ต้องลงเรียนกี่หน่วยกิต? เรียนวิชาอะไรบ้าง?","เรียนทั้งหมด 19 หน่วยกิต
CPE 212 การออกแบบขั้นตอนวิธี (Algorithm Design) 
CPE 223 อิเล็กทรอนิกส์ดิจิทัลและการออกแบบวงจรเชิงตรรกะ (Digital Electronics and Logic Design) 
GEN 101 พลศึกษา (Physical Education) 
GEN 231 มหัศจรรย์แห่งความคิด (Miracle of Thinking) 
LNG 103 ภาษาอังกฤษเพื่อการสื่อสารในที่ทำงาน (English for Workplace Communication) 
MTH 201 คณิตศาสตร์3 3(3-0-6) (Mathematics III) 
CHM 103 เคมีพื้นฐาน 3(3-0-6) (Fundamental Chemistry) 
หรือ MIC 101 ชีววิทยาทั่วไป 3(3-0-6) (General Biology) ",2021-05-12T19:42:56.000Z,หลักสูตรวิทยาศาสตรบัณฑิต,หลักสูตร,057c3235-0d2b-4d9b-ac64-d736401c66d1,89dfc789-bbf1-42af-9d2d-b61e2cfda321,root-id,rootadmin,root
65e33db6-1396-40a2-bc6a-c54403cd7644,วิชาเลือกไหนน่าสนใจ?,"นักศึกษาสามารถเข้าที่ https://sinfo.kmutt.ac.th/ เพื่อเช็ครายวิชาที่สามารถลงทะเบียนได้
และนักศึกษาสามารถอ่านรีวิววิชาเลือกได้ที่นี่ https://pantip.com/topic/35921187?fbclid=IwAR26xKCwYhBOcx8Fi9_J-MOcijkrtmBUxK_sVFZinO0noKfVVxHpkQy9oDI ",2021-05-12T19:43:09.000Z,หลักสูตร,ลงทะเบียนเรียน,92302aa2-bf0f-4ee6-9288-ada605f982d0,63138d4c-450c-4821-8ece-cf881af8484a,root-id,rootadmin,root
6680c3a5-567f-417f-a925-e931ff5b4cf6,"วิศวะคอม/หลักสูตรนานาชาติ ปี 3 เทอม 1
ต้องลงเรียนกี่หน่วยกิต? เรียนวิชาอะไรบ้าง?","เ่รียนทั้งหมด 16 หน่วยกิต 
CPE 325 ข้อมูลขนาดใหญ่ (Big Data)
CPE 326 ระบบปฏิบัติการ (Operating Systems)
CPE 327 วิศวกรรมซอฟต์แวร์ (Software Engineering)
CPE 332 ประเด็นความเป็นมืออาชีพด้าน (Professional Issues in Computer Engineering)
GEN 241 ความงดงามแห่งชีวิต (Beauty of Life)
PRE 380 เศรษฐศาสตร์วิศวกรรม (Engineering Economics)",2021-05-12T19:42:53.000Z,หลักสูตรนานาชาติ,หลักสูตร,057c3235-0d2b-4d9b-ac64-d736401c66d1,4a51d8ad-29b1-4d04-9f9c-09f6b83ab84e,root-id,rootadmin,root
67363fec-0c92-48b1-8f63-f029489a728e,ลาป่วยต้องทำอย่างไร? ,"นักศึกษาสามารถใช้เอกสาร สทน.16 เพื่อขอลาป่วย/ลากิจได้ ส่งแก่ภาควิชาฯ
ลายเซ็นต์ที่ต้องการ;
1. ผู้ปกครอง 
2. อาจารย์ที่ปรึกษา 
3. หัวหน้าภาควิชา 
4. อาจารย์ผู้สอน
สามารถ Download คำร้องได้ที่นี่ https://regis.kmutt.ac.th/web/form/   ",2021-05-12T19:43:11.000Z,ลา/พักการเรียน,ลงทะเบียนเรียน,92302aa2-bf0f-4ee6-9288-ada605f982d0,9ef4fbc9-7f7c-4a57-b866-a9033d47cf86,root-id,rootadmin,root
67fc9ea1-843c-44ba-935b-7961fda228ee,"วิศวะคอม/หลักสูตรนานาชาติปี 1 เทอม 2
ต้องลงเรียนกี่หน่วยกิต? เรียนวิชาอะไรบ้าง?","เรียนทั้งหมด 18 หน่วยกิต ได้แก่
CPE 111 การเขียนโปรแกรมด้วยโครงสร้างข้อมูล (Programming with Data Structures)
CPE 122 พื้นฐานวงจรไฟฟ้าและอิเล็กทรอนิกส์ (Basic Circuits and Electronics)
GEN 121 ทักษะการเรียนรู้และการแก้ปัญหา (Learning and Problem Solving Skills)
LNG 106 การฟังและการพูดเชิงวิชาการ (Academic Listening and Speaking)
MTH 102 คณิตศาสตร์ 2 (Mathematics II)
PHY 104 ฟิสิกส์ทั่วไปสำหรับนักศึกษาวิศวกรรมศาสตร์ 2 (General Physics for Engineering Student II)",2021-05-12T19:42:53.000Z,หลักสูตรนานาชาติ,หลักสูตร,057c3235-0d2b-4d9b-ac64-d736401c66d1,4a51d8ad-29b1-4d04-9f9c-09f6b83ab84e,root-id,rootadmin,root
69754fab-f09f-4cd5-8905-a74ffab4b703,มีที่ฝึกงานแนะนำไหม?,มีพี่แคทได้ทำวิดีโอสัมภาษณ์พี่ๆใน CPE31 ที่ไปฝึกงานตามบริษัทต่างๆเอาไว้ว่า แต่ล่ะที่มีการทำงานเป็นอย่างไรบ้าง สามารถเข้าไปดูได้ที่ https://www.youtube.com/channel/UCVgvzfhWo21zQQ56Xpt4A6g,2021-05-12T19:43:15.000Z,คำถามทั่วไป,คำถามทั่วไป,cc094105-2198-4ab0-9718-8fe1bc195015,7affb034-c431-4f3b-b4b1-ec325d770837,root-id,rootadmin,root
6d92634c-4dc3-4acf-8b22-5c41b7c0228c,หากมีเหตุต้องพักการเรียน สามารถพักการเรียนตอนนี้ได้ไหม ถ้าได้ต้องทำอย่างไรบ้าง?,"นักศึกษาสามารถเขียนใบคำร้องขอลาพักการศึกษา สทน.12 ส่งให้ภาควิชา เพื่อขอพักการศึกษาได้ แล้วยื่นให้ภาควิชา
ลายเซ็นต์ที่ต้องการ;
1. คณบดี
2. อาจารย์ที่ปรึกษา 
3. หัวหน้าภาควิชา 
* มีคำร้องออนไลน์ในระบบ New ACIS นักศึกษาโปรดยื่นคำร้องผ่านระบบ
สามารถ Download คำร้องได้ที่นี่ https://regis.kmutt.ac.th/web/form/ 
สามารถติดต่อเจ้าหน้าที่ 0-2470-8148 ในวันเวลาราชการ ",2021-05-12T19:43:09.000Z,ลา/พักการเรียน,ลงทะเบียนเรียน,92302aa2-bf0f-4ee6-9288-ada605f982d0,9ef4fbc9-7f7c-4a57-b866-a9033d47cf86,root-id,rootadmin,root
6f90ad8e-74f4-46a9-8095-43c6508479f9,ต้องการสอบโดยไม่เข้าเรียนได้ไหม?,"นักศึกษาสามารถเขียนเอกสาร สทน.22 คำร้องขอสมัครสอบโดยไม่ลงทะเบียนเรียน ให้ภาควิชาฯ
ลายเซ็นต์ที่ต้องการ;
1. อาจารย์ที่ปรึกษา 
2. หัวหน้าภาควิชา 
3. อาจารย์ผู้สอน
*หมายเหตุ เฉพาะนักศึกษาปีที่ 4 เท่านั้น
สามารถ Download คำร้องได้ที่นี่ https://regis.kmutt.ac.th/web/form/  ",2021-05-12T19:43:11.000Z,หลักสูตร,ลงทะเบียนเรียน,92302aa2-bf0f-4ee6-9288-ada605f982d0,63138d4c-450c-4821-8ece-cf881af8484a,root-id,rootadmin,root
7207420d-bf77-46a0-b944-99467f88fe5c,"วิศวะคอม/หลักสูตรวิทยาศาสตรบัณฑิต สาขาวิชาวิทยาศาสตร์ข้อมูลสุขภาพ 
ปี 1 เทอม 2 ต้องลงเรียนกี่หน่วยกิต? เรียนวิชาอะไรบ้าง?","เรียนทั้งหมด 19 หน่วยกิต
CPE 212 การออกแบบขั้นตอนวิธี (Algorithm Design) 
CPE 223 อิเล็กทรอนิกส์ดิจิทัลและการออกแบบวงจรเชิงตรรกะ (Digital Electronics and Logic Design) 
GEN 101 พลศึกษา (Physical Education) 
GEN 231 มหัศจรรย์แห่งความคิด (Miracle of Thinking)
LNG 103 ภาษาอังกฤษเพื่อการสื่อสารในที่ทำงาน (English for Workplace Communication) 
MTH 201 คณิตศาสตร์3 3(3-0-6) (Mathematics III) 
CHM 103 เคมีพื้นฐาน 3(3-0-6) (Fundamental Chemistry) 
หรือ MIC 101 ชีววิทยาทั่วไป 3(3-0-6) (General Biology) ",2021-05-12T19:42:56.000Z,หลักสูตรวิทยาศาสตรบัณฑิต,หลักสูตร,057c3235-0d2b-4d9b-ac64-d736401c66d1,89dfc789-bbf1-42af-9d2d-b61e2cfda321,root-id,rootadmin,root
72a2ea58-e9dd-41af-911a-76a48a3a16c1,ฝึกงานจำเป็นต้องครบ40ชั่วโมงไหม？,จำเป็นต้องเก็บชั่วโมงการทำงานให้ครบ 40 ชั่วโมง,2021-05-12T19:43:06.000Z,ฝึกงาน,หลักสูตร,057c3235-0d2b-4d9b-ac64-d736401c66d1,b75ca45f-e54c-47ff-9103-605fdbd2b554,root-id,rootadmin,root
737c4483-c4eb-477c-96d4-fc91620f4cc8,"วิศวะคอม/หลักสูตรนานาชาติปี 4 เทอม 1
ต้องลงเรียนกี่หน่วยกิต? เรียนวิชาอะไรบ้าง?","เ่รียนทั้งหมด 9 หน่วยกิต
CPE 401 โครงงาน1 (Computer Engineering Project I)
CPE xxx วิชาเลือกทาง1 (Computer Engineering Elective I)
CPE xxx วิชาเลือกทาง2 (Computer Engineering Elective II)
หรือ
CPE 405 การศึกษาเชิงบูรณาการกับการทำางาน 1 (Work-Integrated Learning I)
CPE 403 การศึกษาค้นคว้าอิสระ 1 (Independent Study I)
",2021-05-12T19:42:54.000Z,หลักสูตรนานาชาติ,หลักสูตร,057c3235-0d2b-4d9b-ac64-d736401c66d1,4a51d8ad-29b1-4d04-9f9c-09f6b83ab84e,root-id,rootadmin,root
73e8a424-6f04-4c43-b236-de2f75b5c56b,ถ้าต้องการเปลี่ยน section ต้องทำอย่างไร,"นักศึกษาสามารถใช้เอกสาร สทน.26 เพื่อขอการเปลี่ยนกลุ่มวิชาเรียนได้ แล้วยื่นให้ภาควิชา
ลายเซ็นต์ที่ต้องการ;
1. เจ้าหน้าที่ทะเบียน 
2. อาจารย์ที่ปรึกษา 
สามารถ Download คำร้องได้ที่นี่ https://regis.kmutt.ac.th/web/form/   ",2021-05-12T19:43:09.000Z,sec,ลงทะเบียนเรียน,92302aa2-bf0f-4ee6-9288-ada605f982d0,a5cecd28-eea2-4f15-8422-2bb412199c5d,root-id,rootadmin,root
793ed483-4063-4f50-8aa1-19d63977fdec,วิศวะคอม/ มีทั้งหมดกี่หลักสูตร? มีหลักสูตรอะไรบ้าง?,4 หลักสูตร หลักสูตรที่ 1 หลักสูตรปกติ หลักสูตรที่ 2 หลักสูตรนานาชาติ หลักสูตรที่ 3 หลักสูตรวิทยาศาสตรบัณฑิต สาขาวิชาวิทยาศาสตร์ข้อมูลสุขภาพ หลักสูตรที่ 4 หลักสูตรเรสิเทอลคอเรจ,2021-05-12T19:42:52.000Z,คำถามทั่วไป,หลักสูตร,057c3235-0d2b-4d9b-ac64-d736401c66d1,bcbe6b15-6753-4429-9b95-7ecaf7e8c329,root-id,rootadmin,root
7a631c25-579a-4c15-b45c-f1c7963e3da3,หากจบการศึกษาไม่ทันเกณฑ์ทหารทำยังไง,นักศึกษาสามารถติดต่อคุณวินัย แสนสุข สำนักงานกิจการนักศึกษา โทร. 087-821-7221,2021-05-12T19:43:12.000Z,อื่นๆ,ลงทะเบียนเรียน,92302aa2-bf0f-4ee6-9288-ada605f982d0,c7da5b6a-0c13-4de9-b853-367716a591bd,root-id,rootadmin,root
7a669cb4-529d-477c-94d9-250bbf0fca7d,ถ้าอยากไปเรียนต่อต่างและขอทุนต่างประเมศต้องทำอย่างไรบ้าง？,สามารถดูรายละเอียดเพิ่มเติมได้ที่ www.inter.kmutt.ac.th,2021-05-12T19:43:18.000Z,ทุนต่างประเทศ,คำถามทั่วไป,cc094105-2198-4ab0-9718-8fe1bc195015,9a5b42e0-fb23-47a1-a9ef-ace3d16a4f81,root-id,rootadmin,root
7ebdca42-3c4c-4f6b-81a3-a6ce5cde77b4,สามารถขอทุนอะไรบ้าง?,"นักศึกษาปริญญาตรีสามารถขอทุนการศึกษาจากทางมหาวิทยาลัย โดยจะมีทุนดังนี้ทุนเรียนดีภาควิชา,ทุนเพชรพระจอมเกล้า, ทุนผู้ช่วยสอนม ทุนจ้างงาน ทุนต่างประเทศ และสามารถดูรายละเอียดเพิ่มเติมขิงทุนได้ที่ https://www.cpe.kmutt.ac.th/th/scholarship",2021-05-12T19:43:18.000Z,ทุน,คำถามทั่วไป,cc094105-2198-4ab0-9718-8fe1bc195015,6fa0817a-a721-43fa-bff0-8ddc3554759d,root-id,rootadmin,root
827877ee-e388-4890-a59d-d9c0af251784,"วิศวะคอม/หลักสูตรปกติ  ปี 4 เทอม 2
ต้องลงเรียนกี่หน่วยกิต? เรียนวิชาอะไรบ้าง?","เรียนทั้งหมด 19 หน่วยกิต
CPE 212 การออกแบบขั้นตอนวิธี  
(Algorithm Design) 
CPE 223 อิเล็กทรอนิกส์ดิจิทัลและการออกแบบวงจรเชิงตรรกะ
(Digital Electronics and Logic Design) 
GEN 101 พลศึกษา 
(Physical Education) 
GEN 231 มหัศจรรย์แห่งความคิด (Miracle of Thinking) 
LNG 103 ภาษาอังกฤษเพื่อการสื่อสารในที่ทำงาน 
(English for Workplace Communication) 
MTH 201 คณิตศาสตร์3 3(3-0-6) (Mathematics III) 
CHM 103 เคมีพื้นฐาน 3(3-0-6) (Fundamental Chemistry) 
หรือ MIC 101 ชีววิทยาทั่วไป 3(3-0-6) (General Biology) ",2021-05-12T19:42:55.000Z,หลักสูตรปกติ,หลักสูตร,057c3235-0d2b-4d9b-ac64-d736401c66d1,919dae89-bf87-4777-aef1-918fc0a4e862,root-id,rootadmin,root
82c309ef-56d9-478c-b635-ce88e8116e61,หลักสูตรHDSมีเกณฑ์การรับยังไงบ้าง?,"รับผ่านโครงการ Active Recuitment ผ่านรอบที่ 1 แฟ้มสะสมผลงาน 
โดยไม่มีการสอบข้อเขียนและรับผ่านรอบที่ 2 โควต้า",2021-05-12T19:42:51.000Z,เกณฑ์การรับ,การรับเข้านักศึกษา,5008a257-f9dd-41a1-8c7e-d40842def6ce,b2551c45-763b-4ddd-aed0-f9ee8abeed72,root-id,rootadmin,root
8316b1f5-9653-4cac-ae35-a0de620ab0df,วิชาเลือกที่มีวิชาบังคับลงก่อน หลักสูตรปกติ?,"CPE 341 การออกแบบการทำให้เหมาะและวิศวกรรมความเชื่อถือได้ Optimization Design and Reliability Engineering
วิชาบังคับก่อน : CPE 212
CPE 342 ภาษาโปรแกรมจาวา Java Programming Language
วิชาบังคับก่อน : CPE 100
CPE 345 ระบบควบคุมอตัโนมัติ Automatic Control Systems
วิชาบังคับก่อน : CPE 315
CPE 351 การประมวลผลสมรรถนะสูงและเทคโนโลยกี้อนเมฆ High Performance Computing and Cloud Technologies
วิชาบังคับก่อน : CPE 224
CPE 361 คอมพิวเตอร์กราฟิกส์ Computer Graphics
วิชาบังคับก่อน : MTH 102
CPE 371 ปัญญาประดิษฐ์ Artificial Intelligence
วิชาบังคับก่อน : CPE 212
CPE 374 ปฏิสัมพนัธ์ระหว่างมนุษย์กบั คอมพวิเตอร์ Human-Computer Interaction
วิชาบังคับก่อน: CPE 100
CPE 376 การเขียนโปรแกรมหุ่นยนต์อัจฉริยะ Intelligent Robot Programming
วิชาบังคับก่อน : CPE 100
CPE 381 ความมั่นคงของข้อมูลสำหรับการสื่อสารสื่อประสม Data Security for Multimedia Communications
วิชาบังคับก่อน : CPE 121
CPE 382 ความมั่นคงของสารสนเทศและคอมพิวเตอร์ Computer and Information Security
วิชาบังคับก่อน : CPE 121
CPE 452 การเจาะหาเหมืองข้อมูล Data Mining
วิชาบังคับก่อน: CPE 212
CPE 462 การประมวลผลสัญญาณดิจิทัล Digital Signal Processing
วิชาบังคับก่อน : CPE 315
CPE 463 การประมวลผลรูปภาพและการมองเห็นด้วยคอมพิวเตอร์ Image Processing and Computer Vision
วิชาบังคับก่อน : MTH 201
CPE 466 คอมพิวเตอร์แอนิเมชัน Computer Animation
วิชาบังคับก่อน: CPE 361
CPE 467 การออกแบบและการพัฒนาเกม 
Game Design and Development
วิชาบังคับก่อน: CPE 361
____________________________________________________________
LNG 121 การเรียนภาษาและวัฒนธรรม 3 (Learning Language and Culture) 
วิชาบังคับก่อน : LNG 103 หรือ LNG 107 
LNG 122 การเรียนภาษาอังกฤษด้วยตนเอง (English Through Independent Learning) 
วิชาบังคับก่อน : LNG 103 หรือ LNG 107 
LNG 231 สุนทรียะแห่งการอ่าน (Reading Appreciation) 
วิชาบังคับก่อน : LNG 103 หรือ LNG 107 
LNG 232 การแปลเบื้องต้น (Basic Translation) 
วิชาบังคับก่อน : LNG 103 หรือ LNG 107 
LNG 233 การอ่านอย่างมีวิจารณญาน (Critical Reading) 
วิชาบังคับก่อน : LNG 103 หรือ LNG 107
LNG 234 การสื่อสารระหว่างวัฒนธรรม  (Intercultural Communication) 
วิชาบังคับก่อน : LNG 103 หรือ LNG 107  
LNG 235 ภาษาอังกฤษเพื่องานชุมชน ) (English for Community Work)  
วิชาบังคับก่อน : LNG 103 หรือ LNG 107 
LNG 243 การอ่านและการเขียนเพื่อความส าเร็จในวิชาชีพ (Reading and Writing for Career Success) 
วิชาบังคับก่อน : LNG 103 หรือ LNG 107 
LNG 410 ภาษาอังกฤษธุรกิจ (Business English)  
วิชาบังคับก่อน : LNG 103 หรือ LNG 107 
",2021-05-12T19:42:58.000Z,หลักสูตรปกติ,หลักสูตร,057c3235-0d2b-4d9b-ac64-d736401c66d1,919dae89-bf87-4777-aef1-918fc0a4e862,root-id,rootadmin,root
87fb3c25-42b5-4238-906c-eec912329f7f,สามารถเช็คคอร์สเรียนออนไลน์ได้ที่ไหน,นักศึกษาสามารถตรวจสอบคอร์สเรียนออนไลน์ได้ที่นี่ https://nyx.kmutt.ac.th/OnlineClass/jbLogin.aspx,2021-05-12T19:43:12.000Z,หลักสูตร,ลงทะเบียนเรียน,92302aa2-bf0f-4ee6-9288-ada605f982d0,63138d4c-450c-4821-8ece-cf881af8484a,root-id,rootadmin,root
8829c307-0aa3-4ca0-8658-dfd6f9624b10,วิศวะคอม/หลักสูตรนานาชาติจบแล้วได้ปริญญาอะไร?,"B.Eng. - Bachelor ogf Engineering, Computer Engineering",2021-05-12T19:43:16.000Z,คำถามทั่วไป,คำถามทั่วไป,cc094105-2198-4ab0-9718-8fe1bc195015,7affb034-c431-4f3b-b4b1-ec325d770837,root-id,rootadmin,root
892b34af-b094-49ab-8cde-a1a093a9097a,การับสมัครเด็กเข้าเรียน มีทั้งหมดกี่รอบ? อะไรบ้าง?,"มีทั้งหมด 4 รอบ โดยแบ่งเป็น
TCAS รอบที่ 1 แฟ้มสะสมผลงาน หรือ Portfolio โดยไม่มีการสอบข้อเขียน มีทั้งหมด 8 โครงการ
TCAS รอบที่ 2 โควตา มีทั้งหมด 7 โครงการ
TCAS รอบที่ 3 รับตรงร่วมกันรอบที่ 1 Admission1
TCAS รอบที่ 4 รับตรงร่วมกันรอบที่ 2 Admission2",2021-05-12T19:42:51.000Z,เกณฑ์การรับ,การรับเข้านักศึกษา,5008a257-f9dd-41a1-8c7e-d40842def6ce,b2551c45-763b-4ddd-aed0-f9ee8abeed72,root-id,rootadmin,root
896e72c1-96f7-4ae8-92a0-cf72d1b783f8,ปัจจุบันมีทุนอะไรเปิดรับบ้าง?,สามารถติดตามรายละเอียเพิ่มเติมได้ที่ Facebook: ทุนการศึกษา มจธ.,2021-05-12T19:43:18.000Z,ทุน,คำถามทั่วไป,cc094105-2198-4ab0-9718-8fe1bc195015,6fa0817a-a721-43fa-bff0-8ddc3554759d,root-id,rootadmin,root
8ac3e5b0-9ffd-4666-9ecf-a0ad1fdc6529,วิชา CPE213/Data model วิชาตัวต่อมั้ยครับ?,ไม่มีค่ะ,2021-05-12T19:43:04.000Z,คำถามทั่วไป,หลักสูตร,057c3235-0d2b-4d9b-ac64-d736401c66d1,bcbe6b15-6753-4429-9b95-7ecaf7e8c329,root-id,rootadmin,root
8c2b90ff-5a7d-441f-b19b-a733c61d900e,สามารถติดต่ออ.ได้ช่องทางไหนบ้าง?,"สามารถดูรายชืออาจารย์ และบุคคลากรรวมถึงช่องทางการติดต่อได้ที่ https://www.cpe.kmutt.ac.th/th/staff
หรือติดต่อผ่านทางธุรการที่อาคารวิศววัฒนะ ชั้นที่ 10 
เบอร์โทร 0 2470 9388 หรือ 0 2470 9387",2021-05-12T19:43:15.000Z,คำถามทั่วไป,คำถามทั่วไป,cc094105-2198-4ab0-9718-8fe1bc195015,7affb034-c431-4f3b-b4b1-ec325d770837,root-id,rootadmin,root
8e8521b1-c6e2-4c7f-9518-267a0d2fb9c7,ลงทะเบียนล่าช้าหลังระบบลงทะเบียนปิดที่ไหน,"นักศึกษาสามารถเขียนเอกสาร เพื่อส่งให้ที่ภาควิชาฯ
เอกสารที่ต้องการ:
1. สทน.01 คำร้องทั่วไปขอลงทะเบียนล่าช้า ชี้แจงเหตุผลให้ชัดเจน 
2. สทน.26 รายวิชาที่ขอลงล่าช้า เพิ่ม เปลี่ยนกลุ่ม 
ลายเซ็นต์ที่ต้องการ: 
สทน.01 (1) อ.ที่ปรึกษา (2) หัวหน้าภาควิชา/ประธานหลักสูตร
สทน.26 (1) อ.ที่ปรึกษา (2) อาจารย์ผู้สอน (ยกเว้น GEN LNG SSC ติดต่อส่วนกลางของสายวิชา) 
หรือติดต่อ กลุ่มงานช่วยเหลือทางการเงินแก่นักศึกษา 
โทรศัพท์ 0-2470-8107, 8097 , 8098 , 8185 , 9988 (ในวันเวลาทำการ) 
Facebook : https://www.facebook.com/SFAKMUT  ",2021-05-12T19:43:10.000Z,ลงทะเบียนเรียน,ลงทะเบียนเรียน,92302aa2-bf0f-4ee6-9288-ada605f982d0,f1a00097-779e-42fc-87f4-dfd4b3a339f3,root-id,rootadmin,root
8ead14f4-194d-4d9b-893b-eb97286c54ce,สามารถติดต่อได้ทางช่องทางไหนบ้าง ช่วงเวลากี่โมงถึงกี่โมง?,"ติดต่อได้ตามเวลาราชกาล ช่วงเวลา 9.00 -17.00 น.
เบอร์โทร (+66) 0 2470 9388 (หลักสูตรปกติ), 0 2470 9387 
(หลักสูตรนานาชาติ), และ 0 2470 9083 (สำหรับระดับป.โทและป.เอก)
อีเมล์ nongyao.jam@mail.kmutt.ac.th หรือผ่านทางเฟซบุค เพจที่มีชื่อว่า CPE@KMUTT",2021-05-12T19:43:14.000Z,คำถามทั่วไป,คำถามทั่วไป,cc094105-2198-4ab0-9718-8fe1bc195015,7affb034-c431-4f3b-b4b1-ec325d770837,root-id,rootadmin,root
907f671e-4d77-4fd1-a1a3-6c16cc6dc038,"วิศวะคอม/หลักสูตรปกติ  ปี 4 เทอม 1
ต้องลงเรียนกี่หน่วยกิต? เรียนวิชาอะไรบ้าง?","เรียนทั้งหมด 19 หน่วยกิต
CPE 212 การออกแบบขั้นตอนวิธี  (Algorithm Design) 
CPE 223 อิเล็กทรอนิกส์ดิจิทัลและการออกแบบวงจรเชิงตรรกะ (Digital Electronics and Logic Design) 
GEN 101 พลศึกษา (Physical Education) 
GEN 231 มหัศจรรย์แห่งความคิด (Miracle of Thinking) 
LNG 103 ภาษาอังกฤษเพื่อการสื่อสารในที่ทำงาน (English for Workplace Communication) 
MTH 201 คณิตศาสตร์3 3(3-0-6) (Mathematics III) 
CHM 103 เคมีพื้นฐาน 3(3-0-6) (Fundamental Chemistry) 
หรือ MIC 101 ชีววิทยาทั่วไป 3(3-0-6) (General Biology) ",2021-05-12T19:42:55.000Z,หลักสูตรปกติ,หลักสูตร,057c3235-0d2b-4d9b-ac64-d736401c66d1,919dae89-bf87-4777-aef1-918fc0a4e862,root-id,rootadmin,root
9243a6cd-0fd9-47f0-9ede-0a1210ce3cd8,วิชา CPE121/Discrete มีวิชาตัวต่อมั้ยครับ?,ไม่มีครับ,2021-05-12T19:42:59.000Z,คำถามทั่วไป,หลักสูตร,057c3235-0d2b-4d9b-ac64-d736401c66d1,bcbe6b15-6753-4429-9b95-7ecaf7e8c329,root-id,rootadmin,root
94a1174a-bec4-46c1-896c-7723a0967d51,หากไม่สามารถหาที่ฝึกงานในช่วงนี้ได้ จะต้องดรอปวิชาฝึกงานไหม,นักศึกษา สามารถติดต่อมาที่ภาควิชาเพื่อเช็คเวลาฝึกงานอื่นตามที่คณะ/ภาควิชากำหนดได้ โดยไม่ต้องดรอปวิชาฝึกงาน,2021-05-12T19:43:07.000Z,ฝึกงาน,หลักสูตร,057c3235-0d2b-4d9b-ac64-d736401c66d1,b75ca45f-e54c-47ff-9103-605fdbd2b554,root-id,rootadmin,root
95c59c25-8115-447d-82a1-1e86998d7951,Work Integrate Leaning หรือ Wil ทำตั้งแต่ช่วงเวลาไหนถึงไหน?,ตอน ปี 4 เทอม 1 จนถึงตอนปี 4 เทอม 2,2021-05-28T17:22:18.000Z,WIL,หลักสูตร,057c3235-0d2b-4d9b-ac64-d736401c66d1,1490993f-22f3-4c54-96a3-8d0f43d96698,root-id,rootadmin,root
9618cce6-5bac-425a-84f7-831da9cb7976,สามารถติดต่อข่าวสารช่องทางการรับสมัครได้ที่ช่องทางไหนบ้าง? ,สามารถติดตามการเปิดรับสมัครได้ผ่านจากเฟซบุคเพจ CPE KMUTT Admission ,2021-05-12T19:42:48.000Z,กำหนดการ/ประชาสัมพันธ์,การรับเข้านักศึกษา,5008a257-f9dd-41a1-8c7e-d40842def6ce,eb409b0d-8eb1-495b-820f-001123c841c4,root-id,rootadmin,root
9793891e-af78-4511-9a62-4a966bc0601c,ทุนเพชรพระจอมเกล้าภาควิชารับกี่คน？,"ทุนเพชพระจอมเกล้าระดับปริญญาตรี แบ่งออกเป็น
1.ทุนทางด้านวิชาการดีเด่น จำนวน 1 ทุน จากวิธีการ Active Recruitment
2.ทุนส่งเสริมผู้มีความสามารถเฉพาะด้าน จำนวน 1 ทุนต่อ 1 หลักสูตร (เฉพาะหลักสูตรปกติและหลักสูตรนานาชาติ) โดยแบ่งเป็นทั้งหมด 4 ด้านคือ ด้านกีฬา, ด้านศิลปวัฒนธรรม, ด้านความเป็นผู้นำ และความคิดสร้างสรรค์และนวัตกรรม จากการคัดลเือกของภาควิชาและส่วนกลางของมหาวิทยาลัย",2021-05-12T19:43:18.000Z,ทุนเพชรพระจอมเกล้า,คำถามทั่วไป,cc094105-2198-4ab0-9718-8fe1bc195015,ead08dc2-53f4-47da-86a5-a77b8ecd03cf,root-id,rootadmin,root
981568e1-b656-462d-bd4e-14b5b565ccbb,"วิศวะคอม/หลักสูตรนานาชาติ ปี 3 เทอม 2
ต้องลงเรียนกี่หน่วยกิต? เรียนวิชาอะไรบ้าง?","เ่รียนทั้งหมด 18 หน่วยกิต + ภาคการศึกษาพิเศษ 2 หน่วยกิต
CPE 314 เครือข่ายคอมพิวเตอร์ (Computer Networks)
CPE 329 ธุรกิจอัจฉริยะ (Business Intelligence)
CPE 327 วิศวกรรมซอฟต์แวร์ (Software Engineering)
GEN 351 การบริหารจัดการยุคใหม่และภาวะผู้นำ (Modern Management and Leadership)
GEN xxx วิชาเลือกหมวดวิชาศึกษาทั่วไป 2 (General Education Elective II)
XXX xxx วิชาเลือกหมวดวิชาเลือกเสรี1 (Free Elective I)
XXX xxx วิชาเลือกหมวดวิชาเลือกเสรี2 (Free Elective 2)
ภาคการศึกษาพิเศษ  CPE 300  ฝึกวิชาชีพคอมพิวเตอร์ (Computer Professional Pratices)",2021-05-12T19:42:53.000Z,หลักสูตรนานาชาติ,หลักสูตร,057c3235-0d2b-4d9b-ac64-d736401c66d1,4a51d8ad-29b1-4d04-9f9c-09f6b83ab84e,root-id,rootadmin,root
983aacf6-4b28-41fe-9580-5f809ed9278b,"วิศวะคอม/วิศวกรรมคอมพิวเตอหลักสูตรวิทยาศาสตรบัณฑิต สาขาวิชาวิทยาศาสตร์ข้อมูลสุขภาพ 
ปี 3 เทอม 2 ต้องลงเรียนกี่หน่วยกิต? เรียนวิชาอะไรบ้าง?","เรียนทั้งหมด 19 หน่วยกิต
CPE 212 การออกแบบขั้นตอนวิธี (Algorithm Design) 
CPE 223 อิเล็กทรอนิกส์ดิจิทัลและการออกแบบวงจรเชิงตรรกะ (Digital Electronics and Logic Design) 
GEN 101 พลศึกษา (Physical Education) 
GEN 231 มหัศจรรย์แห่งความคิด (Miracle of Thinking) 
LNG 103 ภาษาอังกฤษเพื่อการสื่อสารในที่ทำงาน 
(English for Workplace Communication) 
MTH 201 คณิตศาสตร์3 3(3-0-6) (Mathematics III) 
CHM 103 เคมีพื้นฐาน 3(3-0-6) (Fundamental Chemistry) 
หรือ MIC 101 ชีววิทยาทั่วไป 3(3-0-6) (General Biology) ",2021-05-12T19:42:57.000Z,หลักสูตรวิทยาศาสตรบัณฑิต,หลักสูตร,057c3235-0d2b-4d9b-ac64-d736401c66d1,89dfc789-bbf1-42af-9d2d-b61e2cfda321,root-id,rootadmin,root
9ca96635-06d8-4ba3-8c5e-89a452254941,วิชาภาษาอังกฤษ LNG มีเกณท์การเรื่มเรียนอย่างไร หลักสูตรปกติ ?,"LNG 102 ภาษาอังกฤษเชิงเทคนิค (Technical English)
วิชาบังคับก่อน : LNG 101 ภาษาอังกฤษทั่วไป (General English) หรือมีคะแนนสอบ ภาษาอังกฤษไม่ต่ำกว่า 50% (ตามเกณฑ์การคัดเลือกนักศึกษาของมหาวิทยาลัย)
LNG 103 ภาษาอังกฤษเพื่อการสื่อสารในที่ทำงาน (English for Workplace Communication)
วิชาบังคับก่อน : LNG 102 ภาษาอังกฤษเชิงเทคนิค (Technical English)",2021-05-12T19:43:03.000Z,หลักสูตรปกติ,หลักสูตร,057c3235-0d2b-4d9b-ac64-d736401c66d1,919dae89-bf87-4777-aef1-918fc0a4e862,root-id,rootadmin,root
9cdb325e-825d-4759-95f2-934b0d59f592,ฉันสามารถลงวิชาเสริมในเทอมนี้ได้มากที่สุดกี่ตัว,"นักศึกษาสามารถลงทะเบียนเรียนได้ถึงทั้งหมด 19 หน่วยกิต, แต่หากต้องการเรียนถึง 22 หน่วยกิตจะต้องยื่นเรื่องคำร้อง เอกสาร สทน.18 ให้ภาควิชา",2021-05-12T19:43:08.000Z,หลักสูตร,ลงทะเบียนเรียน,92302aa2-bf0f-4ee6-9288-ada605f982d0,63138d4c-450c-4821-8ece-cf881af8484a,root-id,rootadmin,root
9d953ea2-af6e-45cf-a4d5-36d03ee9ab6d,ลากิจต้องทำอย่างไร?,"นักศึกษาสามารถใช้เอกสาร สทน.16 เพื่อขอลาป่วย/ลากิจได้ ส่งแก่ภาควิชาฯ
ลายเซ็นต์ที่ต้องการ;
1. ผู้ปกครอง 
2. อาจารย์ที่ปรึกษา 
3. หัวหน้าภาควิชา 
4. อาจารย์ผู้สอน
สามารถ Download คำร้องได้ที่นี่ https://regis.kmutt.ac.th/web/form/    ",2021-05-12T19:43:11.000Z,ลา/พักการเรียน,ลงทะเบียนเรียน,92302aa2-bf0f-4ee6-9288-ada605f982d0,9ef4fbc9-7f7c-4a57-b866-a9033d47cf86,root-id,rootadmin,root
9dbfc8d5-8b9a-4d1f-bd86-27ae86d940be,แต่ละหลักสูตรมีเกณฑ์การรับพื้นฐานยังไงบ้าง?,เกณฑ์การรับเข้านักศึกษาขึ้นอยู่กับโครงการแต่ล่ะโครงของแต่ล่ะหลักสูตร,2021-05-12T19:42:51.000Z,เกณฑ์การรับ,การรับเข้านักศึกษา,5008a257-f9dd-41a1-8c7e-d40842def6ce,b2551c45-763b-4ddd-aed0-f9ee8abeed72,root-id,rootadmin,root
9dedbb2c-106e-40a1-84ef-50e7ed73b6aa,หลักสูตรนานาชาติมีเกณฑ์การรับยังไงบ้าง?,"เกณฑ์การรับเข้านักศึกษาขึ้นอยู่กับโครงการแต่ล่ะโครงการโดยหลักสูตรปกติจะเปิดรับ TCAS ทั้ง 4 รอบ
TCAS รอบที่ 1 แฟ้มสะสมผลงาน หรือ Portfolio โครงการที่เปิดรับ ได้แก่
1.Active Recuitment
2.2B-KMUTT
3.คัดเลือกตรงความสามารถพิเศษและทุนเพชรพระจอมเกล้า
4.KMUTT International Admission ครั้งที่ 1
5.มูลนิธิ สอวน.
6.รับนักเรียนโครงการ วมว.
TCAS รอบที่ 2 โควตา ได้แก่
1.Active Recruitment
2.KMUTT International Admission โดยใช้คะแนน GAT/PAT (เฉพาะนานาชาติ)
TCAS รอบที่ 4 รับตรงร่วมกันรอบที่ 2 Admission2",2021-05-12T19:42:52.000Z,เกณฑ์การรับ,การรับเข้านักศึกษา,5008a257-f9dd-41a1-8c7e-d40842def6ce,b2551c45-763b-4ddd-aed0-f9ee8abeed72,root-id,rootadmin,root
a0a296a8-f6e1-4f42-b47f-2219a7349c33,ผมอยากลาออกต้องทำยังไง?,"นักศึกษาสามารถ แจ้งจำนงลาออกโดยใช้เอกสาร สทน.13 คำร้องขอลาออกส่งให้ภาควิชาได้เลย
สามารถ Download คำร้องได้ที่นี่ https://regis.kmutt.ac.th/web/form/",2021-05-17T19:15:24.000Z,หลักสูตร,ลงทะเบียนเรียน,92302aa2-bf0f-4ee6-9288-ada605f982d0,63138d4c-450c-4821-8ece-cf881af8484a,root-id,rootadmin,root
a2405356-2dc6-4dba-8ea4-9ed5bb5afc0e,วิศวกรรมคอมพิวเตอร์หลักสูตรวิทยาศาตร์ข้อมูลสุขภาพ ปีที่ 4 เรียนอะไรบ้าง?,วิชาเลือกด้านวิทยาศาสตร์สุขภาพหรือด้านคอมพิวเตอรืและ Senior Project,2021-05-12T19:43:01.000Z,หลักสูตรวิทยาศาสตรบัณฑิต,หลักสูตร,057c3235-0d2b-4d9b-ac64-d736401c66d1,89dfc789-bbf1-42af-9d2d-b61e2cfda321,root-id,rootadmin,root
a35b0ce6-7fe1-492d-86e6-eecc4bb82392,หลักสูตรปกติมีเกณฑ์การรับยังไงบ้าง?,"เกณฑ์การรับเข้านักศึกษาขึ้นอยู่กับโครงการแต่ล่ะโครงการโดยหลักสูตรปกติจะเปิดรับ TCAS ทั้ง 4 รอบ
TCAS รอบที่ 1 แฟ้มสะสมผลงาน หรือ Portfolio โครงการที่เปิดรับ ได้แก่
1.Active Recuitment
2.2B-KMUTT
3.คัดเลือกตรงความสามารถพิเศษและทุนเพชรพระจอมเกล้า
4.คัดเลือกตรงเรียนดี
5.มูลนิธิ สอวน.
6.รับนักเรียนโครงการ วมว.
7.โควตา รร.เป้าหมาย
TCAS รอบที่ 2 โควตา ได้แก่
1.Active Recruitment
2.รับนักศึกษาโดยใช้สิทธิ์บุตรบุคลากร
3.รับนักศึกษาพิการ
4.คัดเลือกตรงโดยใช้คะแนน GAT/PAT เพื่อการกระจายโอกาสทางการศึกษา (รับนักเรียนทุกเขต ยกเว้นเขต1 และกรุงเทพฯ) 
เฉพาะปกติ
5.คัดเลือกตรงโดยใช้คะแนน GAT/PAT เพื่อผู้เรียนดี มีคุณธรรม (รับนักเรียนทุกเขต 1,3,4,5,9 และกรุงเทพฯ) 
เฉพาะปกติ
TCAS รอบที่ 3 รับตรงร่วมกันรอบที่ 1 Admission1
TCAS รอบที่ 4 รับตรงร่วมกันรอบที่ 2 Admission2",2021-05-12T19:42:51.000Z,เกณฑ์การรับ,การรับเข้านักศึกษา,5008a257-f9dd-41a1-8c7e-d40842def6ce,b2551c45-763b-4ddd-aed0-f9ee8abeed72,root-id,rootadmin,root
a3b53511-1b07-4f8e-a8fd-4c1681f8295a,วิชาเลือกที่มีวิชาบังคับลงก่อน หลักสูตรนานาชาติ?,"CPE 328 ระบบสมองกลฝังตัว Embedded Systems
วิชาบังคับก่อน : CPE 223
CPE 341 การออกแบบการทำให้เหมาะและวิศวกรรมความเชื่อถือได้ Optimization Design and Reliability Engineering
วิชาบังคับก่อน : CPE 212
CPE 342 ภาษาโปรแกรมจาวา Java Programming Language
วิชาบังคับก่อน : CPE 100
CPE 343 การวิเคราะห์และออกแบบเชิงอ็อบเจกต์ Object Oriented Analysis and Design
วิชาบังคับก่อน : CPE 100
CPE 345 ระบบควบคุมอัตโนมัติ Automatic Control Systems
วิชาบังคับก่อน : CPE 315
CPE 345 ระบบควบคุมอัตโนมัติ Automatic Control Systems
วิชาบังคับก่อน : CPE 315
CPE 351 การประมวลผลสมรรถนะสูงและเทคโนโลยีก้อนเมฆ High Performance Computing and Cloud Technologies
วิชาบังคับก่อน : CPE 224
CPE 361 คอมพิวเตอร์กราฟิกส์ Computer Graphics
วิชาบังคับก่อน : MTH 102
CPE 371 ปัญญาประดิษฐ์ Artificial Intelligence
วิชาบังคับก่อน : CPE 212
CPE 374 ปฏิสัมพันธ์ระหว่างมนุษย์กับคอมพิวเตอร์ Human-Computer Interaction
วิชาบังคับก่อน: CPE 100
CPE 376 การเขียนโปรแกรมหุ่นยนต์อัจฉริยะ Intelligent Robot Programming
วิชาบังคับก่อน : CPE 100
CPE 381 ความมั่นคงของข้อมูลสำหรับการสื่อสารสื่อประสม Data Security for Multimedia Communications
วิชาบังคับก่อน : CPE 121
CPE 382 ความมั่นคงของสารสนเทศและคอมพิวเตอร์ Computer and Information Security
วิชาบังคับก่อน : CPE 121
CPE 406 การศึกษาเชิงบูรณาการกับการทำงาน Work-Integrated Learning II
วิชาบังคับก่อน : CPE 405
CPE 452 การเจาะหาเหมืองข้อมูล Data Mining
วิชาบังคับก่อน: CPE 212
CPE 462 การประมวลผลสัญญาณดิจิทัล Digital Signal Processing
วิชาบังคับก่อน : CPE 315
CPE 463 การประมวลผลรูปภาพและการมองเห็นด้วยคอมพิวเตอร์ Image Processing and Computer Vision
วิชาบังคับก่อน : MTH 201
CPE 466 คอมพิวเตอร์แอนิเมชัน Computer Animation
วิชาบังคับก่อน: CPE 361
CPE 467 การออกแบบและการพัฒนาเกม Game Design and Development
วิชาบังคับก่อน: CPE 361
_________________________________________________
LNG 121 การเรียนภาษาและวัฒนธรรม 3 (Learning Language and Culture) 
วิชาบังคับก่อน : LNG 103 หรือ LNG 107 
LNG 122 การเรียนภาษาอังกฤษด้วยตนเอง (English Through Independent Learning) 
วิชาบังคับก่อน : LNG 103 หรือ LNG 107 
LNG 231 สุนทรียะแห่งการอ่าน (Reading Appreciation) 
วิชาบังคับก่อน : LNG 103 หรือ LNG 107 
LNG 232 การแปลเบื้องต้น (Basic Translation) 
วิชาบังคับก่อน : LNG 103 หรือ LNG 107 
LNG 233 การอ่านอย่างมีวิจารณญาน (Critical Reading) 
วิชาบังคับก่อน : LNG 103 หรือ LNG 107
LNG 234 การสื่อสารระหว่างวัฒนธรรม  (Intercultural Communication) 
วิชาบังคับก่อน : LNG 103 หรือ LNG 107  
LNG 235 ภาษาอังกฤษเพื่องานชุมชน ) (English for Community Work)  
วิชาบังคับก่อน : LNG 103 หรือ LNG 107 
LNG 243 การอ่านและการเขียนเพื่อความส าเร็จในวิชาชีพ (Reading and Writing for Career Success) 
วิชาบังคับก่อน : LNG 103 หรือ LNG 107 
LNG 410 ภาษาอังกฤษธุรกิจ (Business English)  
วิชาบังคับก่อน : LNG 103 หรือ LNG 107 










",2021-05-12T19:42:58.000Z,หลักสูตรนานาชาติ,หลักสูตร,057c3235-0d2b-4d9b-ac64-d736401c66d1,4a51d8ad-29b1-4d04-9f9c-09f6b83ab84e,root-id,rootadmin,root
a42e4f65-eac8-488c-aefe-a97c73408392,ถ้าวิชาเรียน sec เต็มแล้วทำยังไง,"ให้นักศึกษาเขียนคำร้อง สทน.25 หรือ สทน.26 ที่ผ่านการอนุมัติจาก 1.อาจารย์ผู้สอน และ 2.อ.ที่ปรึกษา 
เฉพาะ GEN/LNG/SSC อ.ผู้สอนจะไม่มีสิทธิ์เซ็น ต้องติดต่อส่วนกลางของคณะศิลปะศาสตร์เท่านั้น รายละเอียดดังนี้
1. GEN อ.ปาณเลิศ, อ.สุพรรษา (ตึกศิลป์ ชั้น 2)
2. LNG อ.สมพธู (ตึกศิลป์ ชั้น 2)
3. SSC อ.ศิริพันธ์ (ตึกศิลป์ ชั้น 8)
เฉพาะ GEN101 อ.อังคณา (โรงยิม ชั้น 3)
สามารถ Download คำร้องได้ที่นี่ https://regis.kmutt.ac.th/web/form/      ",2021-05-12T19:43:13.000Z,sec,ลงทะเบียนเรียน,92302aa2-bf0f-4ee6-9288-ada605f982d0,a5cecd28-eea2-4f15-8422-2bb412199c5d,root-id,rootadmin,root
a6fca0b3-e0c9-4bd5-b02b-c1e5d8a4f404,กรณีเพิ่มและลดรายวิชา จะได้รับเงินคืนไหม หรือ ต้องจ่ายเงินเพิ่มเท่าไหร่,"การลดรายวิชา นศ. จะได้รับเงินคืน 80% ของค่าหน่วยกิตเพื่อนำไปจ่ายในรายวิชาที่เพิ่ม, หากกรณีลงเพิ่ม นักศึกษาต้องจ่ายวิชาใหม่เพิ่ม 20% ของค่าหน่วยกิต",2021-05-12T19:43:10.000Z,เพิ่มลดรายวิชา,ลงทะเบียนเรียน,92302aa2-bf0f-4ee6-9288-ada605f982d0,a52f4ea3-2ec2-4373-9351-1cae1be707a7,root-id,rootadmin,root
ac1526d0-f5d7-4908-b706-77871bb132f5,"วิศวะคอม/หลักสูตรนานาชาติปี 2 เทอม 2
ต้องลงเรียนกี่หน่วยกิต? เรียนวิชาอะไรบ้าง?","เรียนทั้งหมด 18 หน่วยกิต ได้แก่  
CPE 213 แบบจำลองข้อมูล (Data Models)
CPE 224 สถาปัตยกรรมคอมพิวเตอร์ (Computer Architectures)
CPE 231 ระบบฐานข้อมูล (Database Systems)
STA 302 สถิติสำหรับวิศวกร (Statistics for Engineers)
GEN 111 มนุษย์กับหลักจริยศาสตร์เพื่อการดำเนินชีวิต (Man and Ethics of Living)
GEN xxx วิชาเลือกหมวดวิชาศึกษาทั่วไป 1 (General Education Elective I)",2021-05-12T19:42:53.000Z,หลักสูตรนานาชาติ,หลักสูตร,057c3235-0d2b-4d9b-ac64-d736401c66d1,4a51d8ad-29b1-4d04-9f9c-09f6b83ab84e,root-id,rootadmin,root
ad7e2ffc-58b5-488e-90ad-ebb90cfa4cba,ถ้าจะสมัครเข้าโครงการ Active Recruitment ใช้เอกสารอะไรบ้าง?,"1.พิจารณาจากแฟ้มสะสมผลงาน (Portfolio) ที่ประกอบด้วย ประวัติส่วนตัว (ระบุหมายเลขโทรศัพท์และอีเมลให้ชัดเจน) ประวัติการศึกษา (แสดงผลการเรียน 5 ภาคการศึกษา) ประวัติผลงาน รางวัลที่ได้รับ ประวัติการฝึกอบรม และอื่นๆ
2. ผลการเรียน
3. ผลการทดสอบภาษาอังกฤษ เช่น TOEFL TOEIC IELS (ถ้ามี) *สำหรับผู้สมัครหลักสูตรนานาชาติ
สามารถเข้าไปดูรายละเอียดเพิ่มเติมได้ที่
https://www.cpe.kmutt.ac.th/th/active-recruitment",2021-05-12T19:42:50.000Z,Active Recruitment,การรับเข้านักศึกษา,5008a257-f9dd-41a1-8c7e-d40842def6ce,bd7c53c0-8a9a-4286-bc5e-b92a573dba2a,root-id,rootadmin,root
adbedeee-8ca1-4f73-b27e-b82716145109,วิศวกรรมคอมพิวเตอร์หลักสูตรนานาชาติ ปีที่ 3 เรียนอะไรบ้าง?,"วิิชาBusiness and Data Science เช่น Big Data, Bussiness Intelligence เป็นต้น วิชาเลือกเสรีตามความสนใจและการฝึกงานภาคฤดูร้อน",2021-05-12T19:43:00.000Z,หลักสูตรนานาชาติ,หลักสูตร,057c3235-0d2b-4d9b-ac64-d736401c66d1,4a51d8ad-29b1-4d04-9f9c-09f6b83ab84e,root-id,rootadmin,root
aea0f876-d385-4e75-94b5-b046d98aff2e,วิชา CPE327/Software engineering มีวิชาตัวต่อมั้ยครับ?,ไม่มีค่ะ,2021-05-12T19:43:05.000Z,คำถามทั่วไป,หลักสูตร,057c3235-0d2b-4d9b-ac64-d736401c66d1,bcbe6b15-6753-4429-9b95-7ecaf7e8c329,root-id,rootadmin,root
afae1bba-e716-4e70-a0e4-680741475b63,ปี 4 ต้องส่งเอกสารทุกอย่างภายในวันที่เท่าไหร่,นักศึกษาชั้นปีที่ 4 ต้องส่งเอกสารทุกอย่างภายในวันที่ 15 กรกฎาคม 2563,2021-05-28T16:05:40.000Z,คำถามทั่วไป,หลักสูตร,057c3235-0d2b-4d9b-ac64-d736401c66d1,bcbe6b15-6753-4429-9b95-7ecaf7e8c329,root-id,rootadmin,root
b24d9160-7b19-49c8-b0f9-57ed39fe428e,ดรอปได้ถึงเมื่อไหร่?,นักศึกษาสามารถตรวจสอบวันสุดท้ายของการถอนวิชาตามกำหนดการลงทะเบียนเรียนได้ที่ https://regis.kmutt.ac.th/web/registration/ ,2021-05-12T19:43:08.000Z,เพิ่มลดรายวิชา,ลงทะเบียนเรียน,92302aa2-bf0f-4ee6-9288-ada605f982d0,a52f4ea3-2ec2-4373-9351-1cae1be707a7,root-id,rootadmin,root
b32a871e-8659-400f-9927-408c41d7a8c5,ทุนจ้างงานคืออะไร？,เป็นทุนที่มีวัตถุประสงค์ส่งเสริมนักศึกษาในช่วงเวลาว่างจากการเรียน โดยใช้เวลาให้เป็นประโยชน์ สร้างเสริมประสบการณ์ ทำให้มีใจรักในการทำงาน และเป็นการหารายได้พิเศษ สำหรับนักศึกษาขาดแคลนทุนทรัพย์,2021-05-12T19:43:18.000Z,ทุนจ้างงาน,คำถามทั่วไป,cc094105-2198-4ab0-9718-8fe1bc195015,0d88a5ee-faa6-47fd-84ed-1bd9320e9301,root-id,rootadmin,root
b38360b8-15e8-44a2-be20-f9ab9ff3c931,วิศวะคอมพิวเตอร์แต่ละหลักสูตรมีระยะเวลาในการศึกษากี่ปี?,ระดับปริญญาตรี ทุกหลักสูตรมีระยะเวลาการศึกษาตามหลักสูตรเต็มเวลา โดยปกติใช้เวลา 4 ปีการศึกษา และไม่เกิน 8 ปีการศึกษา,2021-05-12T19:43:03.000Z,คำถามทั่วไป,หลักสูตร,057c3235-0d2b-4d9b-ac64-d736401c66d1,bcbe6b15-6753-4429-9b95-7ecaf7e8c329,root-id,rootadmin,root
b526faa2-5cbc-4202-9173-dcbd8150a2fc,ถ้าสนใจจะเรียนวิศวะคอม/ เปิดรับเมื่อไหร่ ช่วงไหนบ้าง?,สามารถติดตามการเปิดรับสมัครได้ผ่านจากเฟซบุคเพจ CPE KMUTT Admission ,2021-05-12T19:42:48.000Z,กำหนดการ/ประชาสัมพันธ์,การรับเข้านักศึกษา,5008a257-f9dd-41a1-8c7e-d40842def6ce,eb409b0d-8eb1-495b-820f-001123c841c4,root-id,rootadmin,root
b52b5e01-ffa8-4d5a-8b78-03ba3663c89a,วิศวกรรมคอมพิวเตอร์หลักสูตรวิทยาศาตร์ข้อมูลสุขภาพ มีกี่หน่วยกิต? ,จำนวนหน่วยกิตรวมตลอดหลักสูตร 125 หน่วยกิต,2021-05-12T19:43:03.000Z,หลักสูตรวิทยาศาสตรบัณฑิต,หลักสูตร,057c3235-0d2b-4d9b-ac64-d736401c66d1,89dfc789-bbf1-42af-9d2d-b61e2cfda321,root-id,rootadmin,root
b5730843-bf83-4a24-83a3-1b963da467df,สามารถเช็คกำหนดการลงทะเบียนเรียนได้ที่ไหน?,สามารถเช็คกำหนดการลงทะเบียนเรียนได้ที่นี่ https://regis.kmutt.ac.th/web/registration/,2021-05-12T19:43:11.000Z,ลงทะเบียนเรียน,ลงทะเบียนเรียน,92302aa2-bf0f-4ee6-9288-ada605f982d0,f1a00097-779e-42fc-87f4-dfd4b3a339f3,root-id,rootadmin,root
b6189182-95d1-4c1d-a42f-35ee93a1a03a,วิศวะคอมหลักสูตรปกติมีระยะเวลาในการศึกษากี่ปี?,ระดับปริญญาตรี ระยะเวลาการศึกษาตามหลักสูตรเต็มเวลา โดยปกติใช้เวลา 4 ปีการศึกษา และไม่เกิน 8 ปีการศึกษา,2021-05-12T19:43:02.000Z,หลักสูตรปกติ,หลักสูตร,057c3235-0d2b-4d9b-ac64-d736401c66d1,919dae89-bf87-4777-aef1-918fc0a4e862,root-id,rootadmin,root
b6ec2094-5b80-4091-978a-a18310d05d67,หลักสูตรวิทยาศาสตร์ข้อมูลสุขภาพจบมาแล้วทำงานในสายใดบ้าง?,"- นักวิทยาศาสตร์ข้อมูล
- นักระบาดวิทยา
- นักพัฒนาซอฟต์แวร์และระบบข้อมูล
-นักวิเคราะห์และออกแบบระบบคอมพิวเตอร์
-ผู้ดูแลระบบเครือข่ายและคลังข้อมูล",2021-05-12T19:43:16.000Z,คำถามทั่วไป,คำถามทั่วไป,cc094105-2198-4ab0-9718-8fe1bc195015,7affb034-c431-4f3b-b4b1-ec325d770837,root-id,rootadmin,root
b753ceab-d6c4-4f6e-9cf4-e7ff1b0dae2f,ลงทะเบียนเรียนล่าช้าใช้เอกสารอะไรบ้าง,"เอกสารที่ต้องมี สทน.01 คำร้องทั่วไป และ สทน.26 รายวิชาที่ขอลงล่าช้า เพิ่ม เปลี่ยนกลุ่ม, 
ซึ่งสามารถ  Download คำร้องต่างๆ ได้ที่นี่ https://regis.kmutt.ac.th/web/form/  ",2021-05-12T19:43:10.000Z,ลงทะเบียนเรียน,ลงทะเบียนเรียน,92302aa2-bf0f-4ee6-9288-ada605f982d0,f1a00097-779e-42fc-87f4-dfd4b3a339f3,root-id,rootadmin,root
b9842a9d-e8d5-4d7a-9ab1-d6e4d28db5df,วิชาภาษาอังกฤษ LNG มีเกณท์การเรื่มเรียนอย่างไร หลักสูตรนานาชาติ ?,"LNG 106การฟังและการพูดเชิงวิชาการ (Academic Listening and Speaking)
วิชาบังคับก่อน : LNG 105 ภาษาอังกฤษเชิงวิชาการสำหรับนักศึกษานานาชาติ หรือมีคะแนนสอบภาษาอังกฤษไม่ต่ำกว่า 56% (ตามเกณฑ์การคัดเลือกนักศึกษาของ
มหาวิทยาลัยฯ)
LNG 107การอ่านและการเขียนเชิงวิชาการ (Academic Reading and Writing)
วิชาบังคับก่อน : LNG 106 การฟังและการพูดเชิงวิชาการ หรือมีคะแนนสอบภาษาอังกฤษไม่ต่ำกว่า 76% (ตามเกณฑ์การคัดเลือกนักศึกษาของมหาวิทยาลัยฯ)""",2021-05-12T19:43:03.000Z,หลักสูตรนานาชาติ,หลักสูตร,057c3235-0d2b-4d9b-ac64-d736401c66d1,4a51d8ad-29b1-4d04-9f9c-09f6b83ab84e,root-id,rootadmin,root
b9c6cd89-c170-4897-8420-df2b4ad09ea3,ตารางสอบซ้อนต้องทำยังไง?,"นักศึกษาสามารถใช้เอกสาร สทน.19 เพื่อขอการเปลี่ยนกลุ่มวิชาเรียนได้ แล้วจึงส่งตอให้ภาควิชา
ลายเซ็นต์ที่ต้องการ;
1. อาจารย์ที่ปรึกษา 
2. เลขานุการภาควิชา 
3. หัวหน้าภาควิชา
*หมายเหตุ เฉพาะนักศึกษาปีที่ 4 เท่านั้น, ขอสอบซ้อนได้ไม่เกิน 2 วิชา
สามารถ Download คำร้องได้ที่นี่ https://regis.kmutt.ac.th/web/form/  ",2021-05-12T19:43:08.000Z,ตารางสอบ,ลงทะเบียนเรียน,92302aa2-bf0f-4ee6-9288-ada605f982d0,4aac0a9b-159d-4fd0-b237-6c7c3ae1b76b,root-id,rootadmin,root
ba079589-f3f5-41a6-991e-9087b92f7e55,วิศวะคอมหลักสูตรนานาชาติมีอัตราค่าเรียนเท่าไหร่,"รวมค่าใช้จ่ายตลอดหลักสูตร 4 ปี ประมาณ 448,000 บาท โดยมีค่าบำรุงการศึกษาเหมาจ่าย 56,000 บาท /ภาคการศึกษา หรือ 112,000 บาท /ปีการศึกษา",2021-05-12T19:43:02.000Z,หลักสูตรนานาชาติ,หลักสูตร,057c3235-0d2b-4d9b-ac64-d736401c66d1,4a51d8ad-29b1-4d04-9f9c-09f6b83ab84e,root-id,rootadmin,root
bc0b92a8-8009-45c3-8f91-8224975bae98,อาจารย์ในภาควิชาวิศวะคอม/มีใครบ้าง? ,สามารถดูรายชืออาจารย์ และบุคคลากรรวมถึงช่องทางการติดต่อได้ที่ https://www.cpe.kmutt.ac.th/th/staff,2021-05-12T19:43:13.000Z,คำถามทั่วไป,คำถามทั่วไป,cc094105-2198-4ab0-9718-8fe1bc195015,7affb034-c431-4f3b-b4b1-ec325d770837,root-id,rootadmin,root
bc547717-8c58-4f33-8c88-84db3f116625,หากไม่่สามารถฝึกงานได้ต้องทำอย่างไร,นักศึกษาสามารถติดต่อที่ ภาควิชาหรืออาจารย์ที่ปรึกษา เพื่อขอรายละเอียดแผนการการฝึกงานได้,2021-05-12T19:43:07.000Z,ฝึกงาน,หลักสูตร,057c3235-0d2b-4d9b-ac64-d736401c66d1,b75ca45f-e54c-47ff-9103-605fdbd2b554,root-id,rootadmin,root
bf0396d1-e73d-4e4b-8fd1-02c516079012,"วิศวะคอม/หลักสูตรปกติ ปี 3 เทอม 1
ต้องลงเรียนกี่หน่วยกิต? เรียนวิชาอะไรบ้าง?","เรียนทั้งหมด 19 หน่วยกิต
CPE 212 การออกแบบขั้นตอนวิธี (Algorithm Design) 
CPE 223 อิเล็กทรอนิกส์ดิจิทัลและการออกแบบวงจรเชิงตรรกะ (Digital Electronics and Logic Design) 
GEN 101 พลศึกษา (Physical Education) 
GEN 231 มหัศจรรย์แห่งความคิด (Miracle of Thinking) 
LNG 103 ภาษาอังกฤษเพื่อการสื่อสารในที่ทำงาน (English for Workplace Communication) 
MTH 201 คณิตศาสตร์3 3(3-0-6) (Mathematics III) 
CHM 103 เคมีพื้นฐาน 3(3-0-6) (Fundamental Chemistry) 
หรือ MIC 101 ชีววิทยาทั่วไป 3(3-0-6) (General Biology) ",2021-05-12T19:42:55.000Z,หลักสูตรปกติ,หลักสูตร,057c3235-0d2b-4d9b-ac64-d736401c66d1,919dae89-bf87-4777-aef1-918fc0a4e862,root-id,rootadmin,root
bf8904cf-f543-4592-9a44-80bfc44163e9,วิศวกรรมคอมพิวเตอร์หลักสูตรปกติ มีกี่หน่วยกิต?,"มีทั้งหมด 127 หน่วยกิต โดยแบ่งเป็น
- หมวดวิชาศึกษาทั่วไป 31 หน่วยกิต 
- หมวดวิชาเฉพาะ 90 หน่วยกิต (วิชาแกน 30 หน่วยกิต,วิชาเฉพาะด้าน 48 หน่วยกิตและวิชาเลือก 12 หน่วยกิต)
- หมวดวิชาเลือกเสรี 6 หน่วยกิต",2021-05-12T19:43:01.000Z,หลักสูตรปกติ,หลักสูตร,057c3235-0d2b-4d9b-ac64-d736401c66d1,919dae89-bf87-4777-aef1-918fc0a4e862,root-id,rootadmin,root
bf9e7e77-6c1c-4fb7-85a7-dfb75ee4b929,วิศวะคอม/หลักสูตรวิทยาศาสตร์ข้อมูลสุขภาพจบแล้วได้ปริญญาอะไร?,วท.บ.(วิทยาศาสตร์ข้อมูลสุขภาพ) ของวิทยาลัยวิทยาศาสตร์การแพทย์เจ้าฟ้าจุฬาภรณ์,2021-05-12T19:43:16.000Z,คำถามทั่วไป,คำถามทั่วไป,cc094105-2198-4ab0-9718-8fe1bc195015,7affb034-c431-4f3b-b4b1-ec325d770837,root-id,rootadmin,root
c0ce7bb4-bf85-4198-868c-b82d2cea86f5,หลักสูตรวิิทยาศาสตร์ข้อมูลสุขภาพคืออะไร?,"การร่วมมือระหว่าง คณะแพทยศาสตร์และการสาธารณะสุขราชวิทยาลัยจุฬาภรณ์ 
และคณะวิศวกรรมศาสตร์ KMUTT",2021-05-12T19:43:17.000Z,คำถามทั่วไป,คำถามทั่วไป,cc094105-2198-4ab0-9718-8fe1bc195015,7affb034-c431-4f3b-b4b1-ec325d770837,root-id,rootadmin,root
c0de3fd8-eda1-4baf-a2a2-19479be0d0ce,"วิชาภาษาอังกฤษ LNG มีเกณท์การเรื่มเรียนอย่างไร หลักสูตรวิทยาศาสตรบัณฑิต
สาขาวิชาวิทยาศาสตร์ข้อมูลสุขภาพ ?","LNG 102 ภาษาอังกฤษเชิงเทคนิค (Technical English)
วิชาบังคับก่อน : LNG 101 ภาษาอังกฤษทั่วไป (General English) หรือมีคะแนนสอบ ภาษาอังกฤษไม่ต่ำกว่า 50% (ตามเกณฑ์การคัดเลือกนักศึกษาของมหาวิทยาลัย)
LNG 103 ภาษาอังกฤษเพื่อการสื่อสารในที่ทำงาน (English for Workplace Communication)
วิชาบังคับก่อน : LNG 102 ภาษาอังกฤษเชิงเทคนิค (Technical English)",2021-05-12T19:43:03.000Z,หลักสูตรวิทยาศาสตรบัณฑิต,หลักสูตร,057c3235-0d2b-4d9b-ac64-d736401c66d1,89dfc789-bbf1-42af-9d2d-b61e2cfda321,root-id,rootadmin,root
c11aeb5f-4983-47ff-be17-38e514deca85,"วิศวะคอม/หลักสูตรปกติ ปี 1 เทอม 1 
ต้องลงเรียนกี่หน่วยกิต? เรียนวิชาอะไรบ้าง?","เรียนทั้งหมด 18 หน่วยกิต
CPE 100 การเขียนโปรแกรมคอมพิวเตอร์สำหรับวิศวกร 
CPE 101 เปิดโลกวิศวกรรมศาสตร์ 
(Engineering Exploration)
CPE 121 คณิตศาสตร์ดิสครีตสำหรับวิศวกรคอมพิวเตอร์ 
(Discrete Mathematics for Computer Engineers)
LNG 101 ภาษาองักฤษทั่วไป 3
(General English)
MTH 101 คณิตศาสตร์1 
(Mathematics I)
PHY 103 ฟิสิกส์ทั่วไปสำหรับนักศึกษาวิศวกรรมศาสตร์ 1 
(General Physics for Engineering Student I)",2021-05-28T17:13:30.000Z,หลักสูตรปกติ,หลักสูตร,057c3235-0d2b-4d9b-ac64-d736401c66d1,919dae89-bf87-4777-aef1-918fc0a4e862,root-id,rootadmin,root
c3f2bb73-f705-46dc-9acf-0074b1b0aa85,วิชา CPE314/Computer networksมีวิชาตัวต่อมั้ยครับ?,ไม่มีค่ะ,2021-05-12T19:43:05.000Z,คำถามทั่วไป,หลักสูตร,057c3235-0d2b-4d9b-ac64-d736401c66d1,bcbe6b15-6753-4429-9b95-7ecaf7e8c329,root-id,rootadmin,root
c44905b3-7f74-4cba-8ef5-7638e5393227,วิศวะคอม/ TCAS รอบ 1 มีโครงการไหนเปิดรับบ้าง?,"1.Early Admission for International Programs KMUTT (เฉพาะนานาชาติ)
2.Active Recuitment
3.2B-KMUTT
4.คัดเลือกตรงความสามารถพิเศษและทุนเพชรพระจอมเกล้า
5.คัดเลือกตรงเรียนดี เฉพาะหลักสูตรปกติ
6.KMUTT International Admission ครั้งที่ 1 (เฉพาะนานาชาติ)
7.มูลนิธิ สอวน.
8.รับนักเรียนโครงการ วมว.
9.โควตา รร.เป้าหมาย",2021-05-12T19:42:49.000Z,Admission,การรับเข้านักศึกษา,5008a257-f9dd-41a1-8c7e-d40842def6ce,55a96609-df63-4676-905b-65541e58643c,root-id,rootadmin,root
c62a0ed7-60e8-441e-bed8-31cedee2febd,วิศวะคอม/แล้วได้ปริญญาอะไร?,"วิศวะคอมพิวเตอร์หลักสูตรปกติ นานาชาติ และ เรสิเดทอล คอเรจ
ได้ปริญญา วศ.บ.() ส่วนหลักสูตรวิทยาศาสตร์ข้อมูลสุขภาพจะได้ใบปริญญา
วท.บ.(วิทยาศาสตร์ข้อมูลสุขภาพ) ของวิทยาลัยวิทยาศาสตร์การแพทย์เจ้าฟ้าจุฬาภรณ์",2021-05-12T19:43:17.000Z,คำถามทั่วไป,คำถามทั่วไป,cc094105-2198-4ab0-9718-8fe1bc195015,7affb034-c431-4f3b-b4b1-ec325d770837,root-id,rootadmin,root
c904f450-6180-4a2c-8c62-a1588024b0b8,วิศวกรรมคอมพิวเตอร์หลักสูตรปกติ ปีที่ 4 เรียนอะไรบ้าง?,วิชาเลือกตามความสนใจและ Senior Project,2021-05-12T19:43:00.000Z,หลักสูตรปกติ,หลักสูตร,057c3235-0d2b-4d9b-ac64-d736401c66d1,919dae89-bf87-4777-aef1-918fc0a4e862,root-id,rootadmin,root
ca800f7b-3201-4c83-b051-036091eed8a4,อยากได้เอกสารเบิกค่าเทอมต้องเตรียมอะไรบ้าง,นักศึกษาสามารถดำเนินการตามวิธีการดังนี้ได้ https://regis.kmutt.ac.th/order/Slip.pdf,2021-05-12T19:43:09.000Z,เอกสาร,ลงทะเบียนเรียน,92302aa2-bf0f-4ee6-9288-ada605f982d0,fa40cb26-386c-4330-a166-f26f41f7f0f7,root-id,rootadmin,root
caf41bf6-f378-4e57-ba60-981a643e70ea,เรียนจบต้องใช้คะแนนอังกฤษอะไรบ้าง ขั้นตํ่าเท่าไหร่??,"นักศึกษา ชั้นปีที่ 4 หลักสูตรนานาชาตินานาชาติ บังคับต้องยื่นคะแนน 
TOEFL 500, TOIEC 600, IELTS 5.5, TETET 5 ก่อนจบการศึกษา
ส่วนนักศึกษาหลักสูตรปกติ จำเป็นต้องสอบคะแนนภาษาอังกฤษ แต่ไม่กำหนดขั้นตํ่า",2021-05-12T19:43:17.000Z,คำถามทั่วไป,คำถามทั่วไป,cc094105-2198-4ab0-9718-8fe1bc195015,7affb034-c431-4f3b-b4b1-ec325d770837,root-id,rootadmin,root
cb6e13de-e7de-484c-9190-58aa2f417c2e,วิชา CPE326/Operating systems มีวิชาตัวต่อมั้ยครับ?,ไม่มีค่ะ,2021-05-12T19:43:05.000Z,คำถามทั่วไป,หลักสูตร,057c3235-0d2b-4d9b-ac64-d736401c66d1,bcbe6b15-6753-4429-9b95-7ecaf7e8c329,root-id,rootadmin,root
cdbe8042-13e7-4908-abb2-8c683b53e460,เกียรตินิยมอันดับ 1 อยู่ที่เท่าไหร่?,ตั้งแต่เกรด 3.60 ขึ้นไป,2021-05-12T19:43:14.000Z,คำถามทั่วไป,คำถามทั่วไป,cc094105-2198-4ab0-9718-8fe1bc195015,7affb034-c431-4f3b-b4b1-ec325d770837,root-id,rootadmin,root
ce4fa27f-66f7-41e8-9902-a694788fa45c,มีเงินไม่พอจ่าย ทำอะไรได้บ้าง?,นักศึกษาปริญญาตรีสามารถทำงานักบภาควิชาเพื่อขอทุนได้ โดยจะมีทุนผู้ช่วยสอนม ทุนจ้างงาน ทุนต่างประเทศ และสามารถดูรายละเอียดเพิ่มเติมขิงทุนได้ที่ https://www.cpe.kmutt.ac.th/th/scholarship,2021-05-12T19:43:17.000Z,ทุน,คำถามทั่วไป,cc094105-2198-4ab0-9718-8fe1bc195015,6fa0817a-a721-43fa-bff0-8ddc3554759d,root-id,rootadmin,root
cf4281df-bdbf-428e-8e71-a6550d88e3c4,วิศวะคอม/ สามารถสมัครเข้าเรียนยังไงได้บ้าง มีรอบอะไรเปิดรับบ้าง?,"มีทั้งหมด 4 รอบ โดยแบ่งเป็น
TCAS รอบที่ 1 แฟ้มสะสมผลงาน หรือ Portfolio โดยไม่มีการสอบข้อเขียน มีทั้งหมด 9 โครงการย่อย
TCAS รอบที่ 2 โควตา มีทั้งหมด 6 โครงการย่อย
TCAS รอบที่ 3 รับตรงร่วมกันรอบที่ 1 Admission1
TCAS รอบที่ 4 รับตรงร่วมกันรอบที่ 2 Admission2",2021-05-12T19:42:49.000Z,Admission,การรับเข้านักศึกษา,5008a257-f9dd-41a1-8c7e-d40842def6ce,55a96609-df63-4676-905b-65541e58643c,root-id,rootadmin,root
d0ad4b97-598d-4dc3-b544-7aabdd72da25,วิศวกรรมคอมพิวเตอร์หลักสูตรปกติ ปีที่ 3 เรียนอะไรบ้าง?,วิชาหลักสัญญานและระบบ Embeded System วิชาเลือกเสรีตามความสนใจและการฝึกงานภาคฤดูร้อน,2021-05-12T19:43:00.000Z,หลักสูตรปกติ,หลักสูตร,057c3235-0d2b-4d9b-ac64-d736401c66d1,919dae89-bf87-4777-aef1-918fc0a4e862,root-id,rootadmin,root
d0ba50e6-9593-4afb-9008-351ec599fa2a,"วิศวะคอม/หลักสูตรปกติ  ปี 2 เทอม 2
ต้องลงเรียนกี่หน่วยกิต? เรียนวิชาอะไรบ้าง?","เรียนทั้งหมด 19 หน่วยกิต
CPE 212 การออกแบบขั้นตอนวิธี (Algorithm Design) 
CPE 223 อิเล็กทรอนิกส์ดิจิทัลและการออกแบบวงจรเชิงตรรกะ (Digital Electronics and Logic Design) 
GEN 101 พลศึกษา (Physical Education) 
GEN 231 มหศัจรรยแ์ ห่งความคิด (Miracle of Thinking) 
LNG 103 ภาษาอังกฤษเพื่อการสื่อสารในที่ทำงาน (English for Workplace Communication)
MTH 201 คณิตศาสตร์3 3(3-0-6) (Mathematics III) 
CHM 103 เคมีพื้นฐาน 3(3-0-6) (Fundamental Chemistry) 
หรือ MIC 101 ชีววิทยาทั่วไป 3(3-0-6) (General Biology) ",2021-05-12T19:42:55.000Z,หลักสูตรปกติ,หลักสูตร,057c3235-0d2b-4d9b-ac64-d736401c66d1,919dae89-bf87-4777-aef1-918fc0a4e862,root-id,rootadmin,root
d3d3f761-97f6-46e4-ade6-63ed24ca8a4f,วิศวะคอม/แตกต่างจาก IT อย่างไร?,"เรียนซอฟต์แวร์ฮาด, ฮาร์ดแวร์, Data และ เน็ตเวิร์ค 
แต่ IT เรียนเน้นไปในซอฟต์แวร์",2021-05-12T19:43:14.000Z,คำถามทั่วไป,คำถามทั่วไป,cc094105-2198-4ab0-9718-8fe1bc195015,7affb034-c431-4f3b-b4b1-ec325d770837,root-id,rootadmin,root
d4f61507-5f29-4963-8140-1512f1bc6480,หน่วยกิตที่ต้องเก็บให้ครบก่อนจบหรือไม่?,ต้องเก็บให้ครบตามจำนวนหน่วยกิตของแต่ล่ะหลักสูตร,2021-05-12T19:43:00.000Z,คำถามทั่วไป,หลักสูตร,057c3235-0d2b-4d9b-ac64-d736401c66d1,bcbe6b15-6753-4429-9b95-7ecaf7e8c329,root-id,rootadmin,root
d58641f4-1229-4591-8668-92d483db8fc8,วิศวะคอมเรียนเกี่ยวกับอะไร?,"เรียนเกี่ยวกับซอฟต์แวร์, ฮาร์ดแวร์ ดาต้าและ เน็ตเวิร์ค",2021-05-28T18:42:00.000Z,คำถามทั่วไป,คำถามทั่วไป,cc094105-2198-4ab0-9718-8fe1bc195015,7affb034-c431-4f3b-b4b1-ec325d770837,root-id,rootadmin,root
d939e5f9-28e7-48ce-bcf0-859220b16543,เรียนต่อต่างประเทศต้องใช้เอกสารอะไรบ้าง,โดยปกติจะใช้คะแนนสอบภาษาอังกฤษ GPA และ Portfilo ตามที่แต่ล่ะโครงการกำหนด ให้นักศึกษาสามารถดูรายละเอียดเพิ่มและติดต่อกับทาง ICE KMUTT Facebook: https://www.facebook.com/International.Center.of.Engineering ,2021-05-12T19:43:08.000Z,เรียนต่อต่างประเทศ,ลงทะเบียนเรียน,92302aa2-bf0f-4ee6-9288-ada605f982d0,bbe99b61-863c-4296-98f6-355aefd555e8,root-id,rootadmin,root
d9d9912d-368b-4799-a6a0-3c11431f603d,วิชา CPE101/Exploration มีวิชาตัวต่อมั้ยครับ?,ไม่มีค่ะ,2021-05-12T19:43:06.000Z,คำถามทั่วไป,หลักสูตร,057c3235-0d2b-4d9b-ac64-d736401c66d1,bcbe6b15-6753-4429-9b95-7ecaf7e8c329,root-id,rootadmin,root
da4af942-221c-4e74-84bd-718621045d9c,วิศวะคอม/ TCAS รอบ 2 มีโครงการไหนเปิดรับบ้าง?,"1.Active Recruitment
2.รับนักศึกษาโดยใช้สิทธิ์บุตรบุคลากร
3.รับนักศึกษาพิการ
4.คัดเลือกตรงโดยใช้คะแนน GAT/PAT เพื่อการกระจายโอกาสทางการศึกษา (รับนักเรียนทุกเขต ยกเว้นเขต1 และกรุงเทพฯ) 
เฉพาะปกติ
5.คัดเลือกตรงโดยใช้คะแนน GAT/PAT เพื่อผู้เรียนดี มีคุณธรรม (รับนักเรียนทุกเขต 1,3,4,5,9 และกรุงเทพฯ) 
เฉพาะปกติ
6.KMUTT International Admission โดยใช้คะแนน GAT/PAT (เฉพาะนานาชาติ)",2021-05-12T19:42:49.000Z,Admission,การรับเข้านักศึกษา,5008a257-f9dd-41a1-8c7e-d40842def6ce,55a96609-df63-4676-905b-65541e58643c,root-id,rootadmin,root
da750b00-460e-40b6-a624-46daf4551cc0,สมัครเข้าโครงการ Active Recruitment ได้อย่างไร?,"สามารถยื่นแฟ้มสะสมผลงาน หรือ Portfolio ที่เป็นผลงานเกี่ยวกับด้านคอมพิวเตอร์ ไม่มีการสอบข้อเขียน 
และส่งมาจดหมายหรือมายื่นสมัครได้ด้วยตนเองที่ภาควิชา ตามช่วงเวลาที่เปิดรับสมัคร
สามารถเข้าไปดูรายละเอียดเพิ่มเติมได้ที่
https://www.cpe.kmutt.ac.th/th/active-recruitment",2021-05-12T19:42:50.000Z,Active Recruitment,การรับเข้านักศึกษา,5008a257-f9dd-41a1-8c7e-d40842def6ce,bd7c53c0-8a9a-4286-bc5e-b92a573dba2a,root-id,rootadmin,root
db6594f9-c294-451b-aef7-3c832cde12c3,Work Integrate Leaning หรือ Wil จำเป็นที่ลงเลือกวิชาเลือกเสรีหรือไม่?,ไม่จำเป้นต้องลงวิชาเลือกเสรี เพราะ Work Integrate Learning ได้ลงแทนหน่วยกิตของวิชาเลือกเสรีไปแล้ว,2021-05-12T19:43:07.000Z,WIL,หลักสูตร,057c3235-0d2b-4d9b-ac64-d736401c66d1,1490993f-22f3-4c54-96a3-8d0f43d96698,root-id,rootadmin,root
dd012cee-c9f2-4048-8c21-3a284b779ac4,"วิศวะคอม/หลักสูตรนานาชาติปี 1 เทอม 1 
ต้องลงเรียนกี่หน่วยกิต? เรียนวิชาอะไรบ้าง?","เรียนทั้งหมด 18 หน่วยกิต ได้แก่
CPE 100 การเขียนโปรแกรมคอมพิวเตอร์สำหรับวิศวกร (Computer Programming for Engineers) 3 หน่วยกิต
CPE 101 เปิดโลกวิศวกรรมศาสตร์ (Engineering Exploration) 3 หน่วยกิต
CPE 121 คณิตศาสตร์ดิสครีตสำหรับวิศวกรคอมพิวเตอร์ (Discrete Mathematics for Computer Engineers) 3 หน่วยกิต
LNG 105 ภาษาอังกฤษเชิงวิชาการสำหรับนักศึกษานานาชาติ (Academic English for International Students) 3 หน่วยกิต
MTH 101 คณิตศาสตร์ 1 (Mathematics 1) 3 หน่วยกิต
PHY 103 ฟิสิกส์ทั่วไปสำหรับนักศึกษาวิศวกรรมศาสตร์ 1 (General Physics for Engineering Student 1) 3 หน่วยกิต",2021-05-28T17:14:38.000Z,หลักสูตรนานาชาติ,หลักสูตร,057c3235-0d2b-4d9b-ac64-d736401c66d1,4a51d8ad-29b1-4d04-9f9c-09f6b83ab84e,root-id,rootadmin,root
dddaa38c-5a7e-473a-adef-ea84aff056cc,หลักสูตรปกติจบมาแล้วทำงานในสายใดบ้าง?,"-วิศวกรคอมพิวเตอร์
-วิศวกรซอฟต์แวร์
-นักพัฒนาเว็บไซต์ หรือ แอพลิเคชั่น
-นักวิจัยและพัฒนา ฮาร์ดแวร์คอมพิวเตอร์
-นักวิเคราะห์ระบบสารสนเทศ
-วิศวกรระบเครือข่าย",2021-05-12T19:43:15.000Z,คำถามทั่วไป,คำถามทั่วไป,cc094105-2198-4ab0-9718-8fe1bc195015,7affb034-c431-4f3b-b4b1-ec325d770837,root-id,rootadmin,root
de00d1bc-bd7d-4031-96cb-c45ec64d2f7b,ขั้นตอนการรับสมัครโครงการทุนการศึกษา?,สามารถอ่านการสมัครแต่ล่ะโครงการได้ที่ https://www.cpe.kmutt.ac.th/th/index,2021-05-12T19:43:15.000Z,คำถามทั่วไป,คำถามทั่วไป,cc094105-2198-4ab0-9718-8fe1bc195015,7affb034-c431-4f3b-b4b1-ec325d770837,root-id,rootadmin,root
e0cb1ad3-f8a5-4efd-b795-6969e3db4e0f,วิศวกรรมคอมพิวเตอร์หลักสูตรวิทยาศาตร์ข้อมูลสุขภาพ ปีที่ 3 เรียนอะไรบ้าง?,เรียนวิชาพื้นฐานของคอมพิวเตอร์และวิทยาศาสตร์สุขภาพและการวิเคราะห์ข้อมูล การจัดการข้อมูลสุขภาพ มีการฝึกงานภาคฤดูร้อนหรือสหกิจ,2021-05-12T19:43:01.000Z,หลักสูตรวิทยาศาสตรบัณฑิต,หลักสูตร,057c3235-0d2b-4d9b-ac64-d736401c66d1,89dfc789-bbf1-42af-9d2d-b61e2cfda321,root-id,rootadmin,root
e1114e02-dd07-4e42-a378-194f1648472f,ทุนของภาควิชามีอะไรบ้าง？,สำหรับปริญญาตีทางภาควิชาฯ ได้จัดสรรทุนการศึกษาให้แก่นักศึกษา คือ ทุนเรียนดี สำหรับนักศึกษาปริญญาตรี จำนวน 2 ทุนต่อปี โดยทุนดังกล่าวจะสนับสนุนค่าบำรุงการศึกษาและค่าหน่วยกิต (ตามที่จ่ายจริง) ในแต่ละภาคการศึกษา และจ่ายให้ตามระยะเวลาที่นักศึกษา ศึกษาอยู่ในหลักสูตรนั้น ๆ,2021-05-12T19:43:18.000Z,ทุน,คำถามทั่วไป,cc094105-2198-4ab0-9718-8fe1bc195015,6fa0817a-a721-43fa-bff0-8ddc3554759d,root-id,rootadmin,root
e13c7e30-dd70-42c6-9333-1f2cd13690f3,ถ้าจะต้องการเอาเครื่องคิดเลขเข้้าห้องสอบต้องทำยังไง,นักศึกษาต้องนำเครื่องคิดเลขมาตรวจสอบและติดสติ๊กเกอร์ของมหาวิทยาลัย ที่สำนักงานทะเบียนนักศึกษา,2021-05-12T19:43:13.000Z,อื่นๆ,ลงทะเบียนเรียน,92302aa2-bf0f-4ee6-9288-ada605f982d0,c7da5b6a-0c13-4de9-b853-367716a591bd,root-id,rootadmin,root
e5294cb3-e382-42c7-a3ab-ae72c472211f,หลักสูตรเรสิเดรเทียล คอเจน์จบมาแล้วทำงานในสายใดบ้าง?,"-วิศวกรคอมพิวเตอร์
-นักพ็ฒนาวอฟตืแวร์และระบบคอมพิวเตอร์
-นักวิทยาศาสตร์ข้อมูล
-นักวิเคราะห์และออกแบบระบบคอมพิวเตอร์
-ผู้ดูแลเครือข่ายและคลังข้อมูล",2021-05-12T19:43:16.000Z,คำถามทั่วไป,คำถามทั่วไป,cc094105-2198-4ab0-9718-8fe1bc195015,7affb034-c431-4f3b-b4b1-ec325d770837,root-id,rootadmin,root
e85521fa-d96f-4f84-9a0a-91ad1ff57e81,"วิศวะคอม/หลักสูตรนานาชาติ ปี 4 เทอม 2
ต้องลงเรียนกี่หน่วยกิต? เรียนวิชาอะไรบ้าง?","เ่รียนทั้งหมด 9 หน่วยกิต
CPE 402 โครงงาน2 (Computer Engineering Project II)
CPE xxx วิชาเลือกทาง3 (Computer Engineering Elective III)
CPE xxx วิชาเลือกทาง4 (Computer Engineering Elective IV)
หรือ
CPE 406 การศึกษาเชิงบูรณาการกับการทำงาน 2 (Work-Integrated Learning II)
CPE 404 การศึกษาค้นคว้าอิสระ 2 (Independent Study II)",2021-05-12T19:42:54.000Z,หลักสูตรนานาชาติ,หลักสูตร,057c3235-0d2b-4d9b-ac64-d736401c66d1,4a51d8ad-29b1-4d04-9f9c-09f6b83ab84e,root-id,rootadmin,root
e8b418d9-2f12-4f78-be3f-a315f55d8fe5,วิชาภาคบังคับที่มีตัวต่อเนื่องมีอะไรบ้าง หลักสูตรนานาชาติ?,"เรียนทั้งหมด 19 หน่วยกิต
CPE 212 การออกแบบขั้นตอนวิธี (Algorithm Design) 
CPE 223 อิเล็กทรอนิกส์ดิจิทัลและการออกแบบวงจรเชิงตรรกะ (Digital Electronics and Logic Design) 
GEN 101 พลศึกษา (Physical Education) 
GEN 231 มหัศจรรย์แห่งความคิด (Miracle of Thinking) 
LNG 103 ภาษาอังกฤษเพื่อการสื่อสารในที่ทำงาน (English for Workplace Communication) 
MTH 201 คณิตศาสตร์3 3(3-0-6) (Mathematics III) 
CHM 103 เคมีพื้นฐาน 3(3-0-6) (Fundamental Chemistry) 
หรือ MIC 101 ชีววิทยาทั่วไป 3(3-0-6) (General Biology) ",2021-05-12T19:42:57.000Z,หลักสูตรนานาชาติ,หลักสูตร,057c3235-0d2b-4d9b-ac64-d736401c66d1,4a51d8ad-29b1-4d04-9f9c-09f6b83ab84e,root-id,rootadmin,root
e968b448-c658-4488-9f52-813e24921f3a,วิศวกรรมคอมพิวเตอร์หลักสูตรปกติ ปีที่1-2 เรียนอะไรบ้าง?,วิชาวิศวกรรมเบื้องต้นและพื้นฐานคอมพิวเตอร์ เช่น programing และ Data Structure,2021-05-12T19:43:00.000Z,หลักสูตรปกติ,หลักสูตร,057c3235-0d2b-4d9b-ac64-d736401c66d1,919dae89-bf87-4777-aef1-918fc0a4e862,root-id,rootadmin,root
eba35444-4daf-46fc-92b2-ea87a661fc8e,ถ้าจะจบการศึกษา แต่เรียน gen ซ้ำหมวดกันทำยังไง,"นักศึกษาสามารถทำตามขั้นตอนได้ดังนี้
1. นศ.สามารถดาวน์โหลดเอกสารคำร้องทั่วไป สทน.01 จาก https://regis.kmutt.ac.th/web/form/ โดยกรอกข้อมูลขอเรียน GENXXX ซ้ำหมวดถึงหัวหน้าสำนักงานวิชาศึกษาทั่วไป แล้วส่งไฟล์ pdf ให้ภาควิชา
2 หรือหากมี นศ.เรียน GENXXX ซ้ำหมวดมากกว่า 1 คน สามารถรวบรวมรายชื่อและทำบันทึกข้อความมาฉบับเดียวได้",2021-05-29T09:00:20.000Z,หลักสูตร,ลงทะเบียนเรียน,92302aa2-bf0f-4ee6-9288-ada605f982d0,63138d4c-450c-4821-8ece-cf881af8484a,root-id,rootadmin,root
ec8663ab-4364-4796-abd8-9bff29b4a8ec,วิศวะคอม/หลักสูตรเรสิเดนทอล คอลเลจจบแล้วได้ปริญญาอะไร?,วศ.บ.(),2021-05-12T19:43:16.000Z,คำถามทั่วไป,คำถามทั่วไป,cc094105-2198-4ab0-9718-8fe1bc195015,7affb034-c431-4f3b-b4b1-ec325d770837,root-id,rootadmin,root
edce5973-a045-45a4-94f9-3d4bb27f2903,วิศวกรรมคอมพิวเตอร์หลักสูตรนานาชาติ มีกี่หน่วยกิต?,"มีทั้งหมด 127 หน่วยกิต โดยแบ่งเป็น
- หมวดวิชาศึกษาทั่วไป 31 หน่วยกิต 
- หมวดวิชาเฉพาะ 90 หน่วยกิต (วิชาแกน 30 หน่วยกิต, วิชาเฉพาะด้าน 48 หน่วยกิตและวิชาเลือก 12 หน่วยกิต)
- หมวดวิชาเลือกเสรี 6 หน่วยกิต",2021-05-12T19:43:03.000Z,หลักสูตรนานาชาติ,หลักสูตร,057c3235-0d2b-4d9b-ac64-d736401c66d1,4a51d8ad-29b1-4d04-9f9c-09f6b83ab84e,root-id,rootadmin,root
eebd7caa-1124-4251-8c75-fc15ae0f5cf3,วิศวกรรมคอมพิวเตอร์หลักสูตรเรสิเดนทอล คอเลจ ปีที่ 1-2 เรียนอะไรบ้าง?,ใช้เรียนหลักสูตรพื้นฐานของคณะวิศวกรรมศาสตร์เรียน ณ มจธ.ราชบุรี และเรียนรายวิชาเกี่ยวกับวิศวะคอมพิวเตอร์ ณ มจธ. บางมด,2021-05-12T19:43:01.000Z,หลักสูตรRC,หลักสูตร,057c3235-0d2b-4d9b-ac64-d736401c66d1,6e05d9b4-a1e1-4f32-8777-e474b07e6f3c,root-id,rootadmin,root
ef78dc31-68db-4518-ae7c-bc893691858d,ถ้าจะสมัครเข้าโครงการ Active Recruitment วัดผลยังไง? ดูอะไรบ้าง?,"ดูจากคะแนน GPAX คะแนนวิชาคณิตศาสตร์ คะแนนวิชาวิทยาศาตร์ และภาษาต่างประเทศ ผ่านขั้นตํ่าตามเกณฑ์ที่ตั้งไว้ของแต่ล่ะหลักสูตร และและมีคุณสมบัติเพิ่มเติม คือ มีความสามารถพิเศษในเชิง Professional Skill หรือ มีผลงานโดดเด่น หรือ ได้รับรางวัลระดับภาค ระดับชาติ หรือระดับนานาชาติ เน้นด้าน และด้านคณิตศาสตร์ หรือ
ผ่านค่ายโอลิมปิกวิชาการ ค่ายที่ 2 ของ สอวน.
สามารถเข้าไปดูคุณสมบัติผู้สมัครเพิ่มเติมได้ที่
https://www.cpe.kmutt.ac.th/th/active-recruitment",2021-05-12T19:42:50.000Z,Active Recruitment,การรับเข้านักศึกษา,5008a257-f9dd-41a1-8c7e-d40842def6ce,bd7c53c0-8a9a-4286-bc5e-b92a573dba2a,root-id,rootadmin,root
f247f373-e196-4af8-84be-8101c6cbb934,"วิศวะคอม/หลักสูตรปกติ  ปี 3 เทอม 2
ต้องลงเรียนกี่หน่วยกิต? เรียนวิชาอะไรบ้าง?","เรียนทั้งหมด 19 หน่วยกิต
CPE 212 การออกแบบขั้นตอนวิธี (Algorithm Design) 
CPE 223 อิเล็กทรอนิกส์ดิจิทัลและการออกแบบวงจรเชิงตรรกะ (Digital Electronics and Logic Design) 
GEN 101 พลศึกษา (Physical Education) 
GEN 231 มหัศจรรย์แห่งความคิด (Miracle of Thinking) 
LNG 103 ภาษาอังกฤษเพื่อการสื่อสารในที่ทำงาน (English for Workplace Communication) 
MTH 201 คณิตศาสตร์3 3(3-0-6) (Mathematics III) 
CHM 103 เคมีพื้นฐาน 3(3-0-6) (Fundamental Chemistry) 
หรือ MIC 101 ชีววิทยาทั่วไป 3(3-0-6) (General Biology) ",2021-05-12T19:42:55.000Z,หลักสูตรปกติ,หลักสูตร,057c3235-0d2b-4d9b-ac64-d736401c66d1,919dae89-bf87-4777-aef1-918fc0a4e862,root-id,rootadmin,root
f6138050-e917-43b1-92aa-3ff5a5290c12,วิศวกรรมคอมพิวเตอร์หลักสูตรนานาชาติ ปีที่1-2 เรียนอะไรบ้าง?,วิชาวิศวกรรมเบื้องต้นและพื้นฐานคอมพิวเตอร์ เช่น programing และ Data Structure,2021-05-12T19:43:00.000Z,หลักสูตรนานาชาติ,หลักสูตร,057c3235-0d2b-4d9b-ac64-d736401c66d1,4a51d8ad-29b1-4d04-9f9c-09f6b83ab84e,root-id,rootadmin,root
f61bacee-e3e0-45e6-94bd-4725d82ed8c0,วิชา CPE122/Circuits มีวิชาตัวต่อมั้ยครับ?,ไม่มีค่ะ,2021-05-12T19:43:04.000Z,คำถามทั่วไป,หลักสูตร,057c3235-0d2b-4d9b-ac64-d736401c66d1,bcbe6b15-6753-4429-9b95-7ecaf7e8c329,root-id,rootadmin,root
f648935f-9e93-44ff-a42a-d0a0338a2618,จะต้องใช้เอกสารอะไรบ้างในการสมัครเข้าศึกษา,เอกสารและรายละเอียดขึ้นอยู่การสมัครของแต่ล่ะโครงการ สามารถเข้าไปดูรายละเอียดเพิ่มเติมของโครงการต่างๆ และข่าวสารการเปิดรับสมัครของโครงการแต่ล่ะโครงการเพื่อรับเข้านักสึกษาได้ที่เฟซบุคเพจ CPE KMUTT Admission ,2021-05-12T19:42:51.000Z,เอกสาร,การรับเข้านักศึกษา,5008a257-f9dd-41a1-8c7e-d40842def6ce,bcd0db00-6bad-4fe2-8e60-4a30fc7edd79,root-id,rootadmin,root
fc7996c8-3f0a-42e2-a620-5dd987865c45,วิศวะคอมหลักสูตรปกติมีอัตราค่าเรียนเท่าไหร่,"รวมค่าใช้จ่ายตลอดหลักสูตร 4 ปี ประมาณ 168,000 บาท โดยมีค่าบำรุงการศึกษาเหมาจ่าย 21,000 บาท /ภาคการศึกษา หรือ 42,000 บาท /ปีการศึกษา",2021-05-12T19:43:02.000Z,หลักสูตรปกติ,หลักสูตร,057c3235-0d2b-4d9b-ac64-d736401c66d1,919dae89-bf87-4777-aef1-918fc0a4e862,root-id,rootadmin,root
fd241351-eada-4fe0-9a90-1d3635cebb5e,สมัครหลักสูตรยังไง?,สามารถศึกษารายละเอียดหลักสูตรและขอรับเข้าการศึกษาได้ที่ https://www.cpe.kmutt.ac.th/  หรือติดตามรายเพิ่มเติมได้ที่ ได้ที่เฟสบุคเพจ CPE KMUTT Admission,2021-05-12T19:43:17.000Z,คำถามทั่วไป,คำถามทั่วไป,cc094105-2198-4ab0-9718-8fe1bc195015,7affb034-c431-4f3b-b4b1-ec325d770837,root-id,rootadmin,root
